datetime,open,high,low,close,volume
2026-03-12T03:00:00+00:00,0.8612099999999988,0.8612099999999988,0.8609699999999988,0.8610999999999988,4099
2026-03-12T04:00:00+00:00,0.8610999999999988,0.8613499999999988,0.8610899999999988,0.8612899999999988,3449
2026-03-12T05:00:00+00:00,0.8612899999999988,0.8615099999999988,0.8611599999999988,0.8613999999999988,5952
2026-03-12T06:00:00+00:00,0.8613999999999988,0.8619299999999988,0.8611799999999988,0.8612099999999988,6588
2026-03-12T07:00:00+00:00,0.8612099999999988,0.8613699999999987,0.8606999999999988,0.8607099999999988,7583
2026-03-12T08:00:00+00:00,0.8607099999999988,0.8615899999999987,0.8605999999999988,0.8613199999999988,9006
2026-03-12T09:00:00+00:00,0.8613199999999988,0.8617099999999988,0.8610499999999988,0.8613099999999988,8834
2026-03-12T10:00:00+00:00,0.8613099999999988,0.8616999999999988,0.8610599999999988,0.8612199999999988,8618
2026-03-12T11:00:00+00:00,0.8612199999999988,0.8612799999999988,0.8604899999999988,0.8607899999999988,9044
2026-03-12T12:00:00+00:00,0.8607899999999988,0.8611799999999988,0.8605199999999988,0.8607799999999988,12172
2026-03-12T13:00:00+00:00,0.8607799999999988,0.8608699999999988,0.8599699999999988,0.8603899999999988,18092
2026-03-12T14:00:00+00:00,0.8603899999999988,0.8608999999999988,0.8602999999999988,0.8607499999999988,17652
2026-03-12T15:00:00+00:00,0.8607499999999988,0.8614999999999988,0.8606899999999988,0.8613999999999988,21053
2026-03-12T16:00:00+00:00,0.8613999999999988,0.8616299999999988,0.8609899999999988,0.8614099999999988,17952
2026-03-12T17:00:00+00:00,0.8614099999999988,0.8614899999999988,0.8608699999999988,0.8609099999999988,13690
2026-03-12T18:00:00+00:00,0.8609099999999988,0.8611199999999988,0.8606799999999988,0.8610299999999987,9013
2026-03-12T19:00:00+00:00,0.8610299999999987,0.8612299999999988,0.8608999999999988,0.8608999999999988,7086
2026-03-12T20:00:00+00:00,0.8608999999999988,0.8610399999999988,0.8604399999999988,0.8608799999999988,4905
2026-03-12T21:00:00+00:00,0.8608799999999988,0.8612499999999988,0.8602699999999988,0.8605299999999988,4842
2026-03-12T22:00:00+00:00,0.8605299999999988,0.8612099999999988,0.8605199999999988,0.8610599999999988,2086
2026-03-12T23:00:00+00:00,0.8610599999999988,0.8612499999999988,0.8609199999999988,0.8611099999999988,3664
2026-03-13T00:00:00+00:00,0.8611099999999988,0.8611499999999987,0.8605299999999988,0.8605499999999988,5398
2026-03-13T01:00:00+00:00,0.8605499999999988,0.8606299999999988,0.8603299999999988,0.8604599999999988,4399
2026-03-13T02:00:00+00:00,0.8604599999999988,0.8606799999999988,0.8603699999999987,0.8605199999999988,4293
2026-03-13T03:00:00+00:00,0.8605199999999988,0.8607099999999988,0.8604799999999988,0.8605399999999988,4228
2026-03-13T04:00:00+00:00,0.8605399999999988,0.8610899999999988,0.8605099999999988,0.8610599999999988,3667
2026-03-13T05:00:00+00:00,0.8610599999999988,0.8611599999999988,0.8607999999999988,0.8608299999999988,3590
2026-03-13T06:00:00+00:00,0.8608299999999988,0.8612599999999988,0.8604699999999988,0.8605199999999988,6767
2026-03-13T07:00:00+00:00,0.8605199999999988,0.8615699999999988,0.8605199999999988,0.8610499999999988,13088
2026-03-13T08:00:00+00:00,0.8610499999999988,0.8613899999999988,0.8602499999999988,0.8612999999999988,16452
2026-03-13T09:00:00+00:00,0.8612999999999988,0.8619099999999988,0.8610599999999988,0.8617799999999988,12761
2026-03-13T10:00:00+00:00,0.8617799999999988,0.8625899999999987,0.8617499999999988,0.8623399999999988,10099
2026-03-13T11:00:00+00:00,0.8623399999999988,0.8634699999999988,0.8623299999999988,0.8634399999999988,13818
2026-03-13T12:00:00+00:00,0.8634399999999988,0.8634899999999988,0.8625899999999987,0.8630899999999988,16919
2026-03-13T13:00:00+00:00,0.8630899999999988,0.8636399999999987,0.8623899999999988,0.8626099999999988,16400
2026-03-13T14:00:00+00:00,0.8626099999999988,0.8631699999999988,0.8623799999999988,0.8625799999999988,17250
2026-03-13T15:00:00+00:00,0.8625799999999988,0.8627599999999988,0.8622799999999988,0.8625999999999988,18659
2026-03-13T16:00:00+00:00,0.8625999999999988,0.8627499999999988,0.8621799999999988,0.8621799999999988,17098
2026-03-13T17:00:00+00:00,0.8621799999999988,0.8622499999999987,0.8617799999999988,0.8620499999999988,11474
2026-03-13T18:00:00+00:00,0.8620499999999988,0.8621099999999988,0.8617099999999988,0.8617399999999988,10068
2026-03-13T19:00:00+00:00,0.8617399999999988,0.8618899999999988,0.8615599999999988,0.8617699999999988,7834
2026-03-13T20:00:00+00:00,0.8617699999999988,0.8618499999999988,0.8610799999999988,0.8611799999999988,5841.090465872156
2026-03-15T21:00:00+00:00,0.8611799999999988,0.862569999999999,0.8608999999999989,0.8615099999999989,2731.3688536238346
2026-03-15T22:00:00+00:00,0.8615099999999989,0.8624999999999989,0.861419999999999,0.862299999999999,5318
2026-03-15T23:00:00+00:00,0.862299999999999,0.8624499999999989,0.8620599999999989,0.8622099999999989,5910
2026-03-16T00:00:00+00:00,0.8622099999999989,0.862689999999999,0.862199999999999,0.8625999999999989,7575
2026-03-16T01:00:00+00:00,0.8625999999999989,0.862639999999999,0.8622199999999989,0.8624299999999989,7540
2026-03-16T02:00:00+00:00,0.8624299999999989,0.8627199999999989,0.862349999999999,0.8626999999999989,5777
2026-03-16T03:00:00+00:00,0.8626999999999989,0.8627699999999989,0.8622799999999989,0.8624099999999989,3709
2026-03-16T04:00:00+00:00,0.8624099999999989,0.862519999999999,0.8623399999999989,0.8623799999999989,3474
2026-03-16T05:00:00+00:00,0.8623799999999989,0.862399999999999,0.8618399999999989,0.8618899999999989,3901
2026-03-16T06:00:00+00:00,0.8618899999999989,0.8619299999999989,0.8615799999999989,0.861689999999999,5476
2026-03-16T07:00:00+00:00,0.861689999999999,0.861979999999999,0.861469999999999,0.8616799999999989,8346
2026-03-16T08:00:00+00:00,0.8616799999999989,0.8628299999999989,0.8616599999999989,0.862589999999999,10806
2026-03-16T09:00:00+00:00,0.862589999999999,0.863299999999999,0.8625799999999989,0.863249999999999,8407
2026-03-16T10:00:00+00:00,0.863249999999999,0.863959999999999,0.8629799999999989,0.8635399999999989,9146
2026-03-16T11:00:00+00:00,0.8635399999999989,0.8638199999999989,0.8633199999999989,0.8634099999999989,9188
2026-03-16T12:00:00+00:00,0.8634099999999989,0.8635099999999989,0.8628299999999989,0.863079999999999,10402
2026-03-16T13:00:00+00:00,0.863079999999999,0.8632299999999989,0.8627199999999989,0.8631099999999989,12367
2026-03-16T14:00:00+00:00,0.8631099999999989,0.8632399999999989,0.8625299999999989,0.8629399999999989,14228
2026-03-16T15:00:00+00:00,0.8629399999999989,0.8630899999999989,0.8623299999999989,0.8624799999999989,11099
2026-03-16T16:00:00+00:00,0.8624799999999989,0.8631499999999989,0.8623699999999989,0.8628999999999989,12848
2026-03-16T17:00:00+00:00,0.8628999999999989,0.8630399999999989,0.862689999999999,0.8628799999999989,10922
2026-03-16T18:00:00+00:00,0.8628799999999989,0.8631699999999989,0.8627499999999989,0.8629199999999989,9905
2026-03-16T19:00:00+00:00,0.8629199999999989,0.8629899999999989,0.8624399999999989,0.8624899999999989,9429
2026-03-16T20:00:00+00:00,0.8624899999999989,0.8627999999999989,0.8624399999999989,0.862639999999999,4849
2026-03-16T21:00:00+00:00,0.862639999999999,0.862859999999999,0.862249999999999,0.862489999999999,1614.1775164757628
2026-03-16T22:00:00+00:00,0.862489999999999,0.862859999999999,0.862419999999999,0.862689999999999,2058
2026-03-16T23:00:00+00:00,0.862689999999999,0.862779999999999,0.862579999999999,0.862679999999999,3202
2026-03-17T00:00:00+00:00,0.862679999999999,0.863189999999999,0.862529999999999,0.862879999999999,5624
2026-03-17T01:00:00+00:00,0.862879999999999,0.863079999999999,0.8626199999999989,0.862659999999999,6178
2026-03-17T02:00:00+00:00,0.862659999999999,0.862899999999999,0.862569999999999,0.862849999999999,3516
2026-03-17T03:00:00+00:00,0.862849999999999,0.863009999999999,0.862699999999999,0.862859999999999,5224
2026-03-17T04:00:00+00:00,0.862859999999999,0.862929999999999,0.8626199999999989,0.862679999999999,3076
2026-03-17T05:00:00+00:00,0.862679999999999,0.862949999999999,0.862539999999999,0.862909999999999,5373
2026-03-17T06:00:00+00:00,0.862909999999999,0.863149999999999,0.862559999999999,0.862869999999999,6843
2026-03-17T07:00:00+00:00,0.862869999999999,0.863169999999999,0.862409999999999,0.862919999999999,6595
2026-03-17T08:00:00+00:00,0.862919999999999,0.863049999999999,0.862389999999999,0.8625499999999989,10952
2026-03-17T09:00:00+00:00,0.8625499999999989,0.863089999999999,0.8622299999999989,0.8625499999999989,8891
2026-03-17T10:00:00+00:00,0.8625499999999989,0.8626699999999989,0.8621599999999989,0.862519999999999,7275
2026-03-17T11:00:00+00:00,0.862519999999999,0.863219999999999,0.862249999999999,0.8630599999999989,8541
2026-03-17T12:00:00+00:00,0.8630599999999989,0.863399999999999,0.862799999999999,0.8633299999999989,10656
2026-03-17T13:00:00+00:00,0.8633299999999989,0.8634999999999989,0.862799999999999,0.862959999999999,15445
2026-03-17T14:00:00+00:00,0.862959999999999,0.8631999999999989,0.8624599999999989,0.8630299999999989,12559
2026-03-17T15:00:00+00:00,0.8630299999999989,0.8631099999999989,0.862689999999999,0.8627699999999989,13221
2026-03-17T16:00:00+00:00,0.8627699999999989,0.8630299999999989,0.862639999999999,0.8627099999999989,12099
2026-03-17T17:00:00+00:00,0.8627099999999989,0.8631099999999989,0.8625599999999989,0.8628199999999989,8418
2026-03-17T18:00:00+00:00,0.8628199999999989,0.863179999999999,0.862739999999999,0.862959999999999,6924
2026-03-17T19:00:00+00:00,0.862959999999999,0.8629999999999989,0.862569999999999,0.8628399999999989,4394
2026-03-17T20:00:00+00:00,0.8628399999999989,0.8631399999999989,0.8625499999999989,0.8629799999999989,3716
2026-03-17T21:00:00+00:00,0.8629799999999989,0.8629799999999989,0.8621399999999989,0.862249999999999,1875
2026-03-17T22:00:00+00:00,0.862249999999999,0.8630299999999989,0.862249999999999,0.8627599999999989,3864
2026-03-17T23:00:00+00:00,0.8627599999999989,0.8629299999999989,0.862519999999999,0.8628099999999989,6645
2026-03-18T00:00:00+00:00,0.8628099999999989,0.8629699999999989,0.8626299999999989,0.862759999999999,9237
2026-03-18T01:00:00+00:00,0.862759999999999,0.8628299999999989,0.8626299999999989,0.8627499999999989,4514
2026-03-18T02:00:00+00:00,0.8627499999999989,0.8628899999999989,0.8626799999999989,0.862689999999999,3545
2026-03-18T03:00:00+00:00,0.862689999999999,0.862789999999999,0.8625799999999989,0.862589999999999,2778
2026-03-18T04:00:00+00:00,0.862589999999999,0.862709999999999,0.8625299999999989,0.862679999999999,3137
2026-03-18T05:00:00+00:00,0.862679999999999,0.862679999999999,0.8623999999999991,0.862449999999999,3685
2026-03-18T06:00:00+00:00,0.862449999999999,0.862679999999999,0.862429999999999,0.862649999999999,4072
2026-03-18T07:00:00+00:00,0.862649999999999,0.862729999999999,0.8621499999999991,0.8621499999999991,5676
2026-03-18T08:00:00+00:00,0.8621499999999991,0.862989999999999,0.861849999999999,0.862849999999999,7711
2026-03-18T09:00:00+00:00,0.862849999999999,0.863069999999999,0.8626399999999991,0.862719999999999,6043
2026-03-18T10:00:00+00:00,0.862719999999999,0.8632999999999991,0.862699999999999,0.863089999999999,4930
2026-03-18T11:00:00+00:00,0.863089999999999,0.863429999999999,0.8629099999999991,0.863309999999999,11718
2026-03-18T12:00:00+00:00,0.863309999999999,0.863619999999999,0.8627599999999991,0.863279999999999,20406
2026-03-18T13:00:00+00:00,0.863279999999999,0.863329999999999,0.862619999999999,0.8631299999999991,18174
2026-03-18T14:00:00+00:00,0.8631299999999991,0.864149999999999,0.8630299999999991,0.863239999999999,17678
2026-03-18T15:00:00+00:00,0.863239999999999,0.863869999999999,0.863149999999999,0.863209999999999,15185
2026-03-18T16:00:00+00:00,0.863209999999999,0.863339999999999,0.8621799999999991,0.8621799999999991,11809
2026-03-18T17:00:00+00:00,0.8621799999999991,0.862479999999999,0.861839999999999,0.8620299999999991,10381
2026-03-18T18:00:00+00:00,0.8620299999999991,0.8626899999999991,0.861649999999999,0.862649999999999,21298
2026-03-18T19:00:00+00:00,0.862649999999999,0.863109999999999,0.8625699999999991,0.8629099999999991,13398
2026-03-18T20:00:00+00:00,0.8629099999999991,0.863209999999999,0.8623999999999991,0.862749999999999,8671
2026-03-18T21:00:00+00:00,0.862749999999999,0.863239999999999,0.862189999999999,0.862869999999999,2144
2026-03-18T22:00:00+00:00,0.862869999999999,0.8634699999999991,0.862609999999999,0.863049999999999,2616
2026-03-18T23:00:00+00:00,0.863049999999999,0.863329999999999,0.863049999999999,0.863229999999999,4655
2026-03-19T00:00:00+00:00,0.863229999999999,0.863339999999999,0.862699999999999,0.862709999999999,7111
2026-03-19T01:00:00+00:00,0.862709999999999,0.8630099999999991,0.8625899999999991,0.8629599999999991,6250
2026-03-19T02:00:00+00:00,0.8629599999999991,0.8633499999999991,0.8629099999999991,0.863159999999999,7456
2026-03-19T03:00:00+00:00,0.863159999999999,0.8631799999999991,0.862779999999999,0.862949999999999,4778
2026-03-19T04:00:00+00:00,0.862949999999999,0.863329999999999,0.862939999999999,0.863159999999999,3708
2026-03-19T05:00:00+00:00,0.863159999999999,0.863489999999999,0.863119999999999,0.863439999999999,5069
2026-03-19T06:00:00+00:00,0.863439999999999,0.863549999999999,0.863059999999999,0.863169999999999,7041
2026-03-19T07:00:00+00:00,0.863169999999999,0.863929999999999,0.862409999999999,0.862509999999999,12837
2026-03-19T08:00:00+00:00,0.862509999999999,0.863259999999999,0.862189999999999,0.863019999999999,14834
2026-03-19T09:00:00+00:00,0.863019999999999,0.863359999999999,0.862869999999999,0.8631799999999991,17758
2026-03-19T10:00:00+00:00,0.8631799999999991,0.863359999999999,0.862649999999999,0.863069999999999,10856
2026-03-19T11:00:00+00:00,0.863069999999999,0.863319999999999,0.862429999999999,0.862529999999999,10774
2026-03-19T12:00:00+00:00,0.862529999999999,0.863189999999999,0.8614199999999991,0.8627599999999991,24912
2026-03-19T13:00:00+00:00,0.8627599999999991,0.8631999999999991,0.8615699999999991,0.861769999999999,29011
2026-03-19T14:00:00+00:00,0.861769999999999,0.862089999999999,0.8605699999999991,0.860729999999999,27401
2026-03-19T15:00:00+00:00,0.860729999999999,0.861059999999999,0.860189999999999,0.860929999999999,21545
2026-03-19T16:00:00+00:00,0.860929999999999,0.862089999999999,0.860769999999999,0.861919999999999,21191
2026-03-19T17:00:00+00:00,0.861919999999999,0.861999999999999,0.861319999999999,0.861489999999999,14596
2026-03-19T18:00:00+00:00,0.861489999999999,0.862269999999999,0.861119999999999,0.862229999999999,11372
2026-03-19T19:00:00+00:00,0.862229999999999,0.862269999999999,0.861109999999999,0.8615899999999991,28941
2026-03-19T20:00:00+00:00,0.8615899999999991,0.861939999999999,0.861359999999999,0.8617599999999991,5600
2026-03-19T21:00:00+00:00,0.8617599999999991,0.8617599999999991,0.860579999999999,0.861139999999999,2039.1153134081828
2026-03-19T22:00:00+00:00,0.861139999999999,0.862019999999999,0.861139999999999,0.861429999999999,2338
2026-03-19T23:00:00+00:00,0.861429999999999,0.861509999999999,0.8612499999999991,0.861329999999999,3330
2026-03-20T00:00:00+00:00,0.861329999999999,0.8614199999999991,0.861099999999999,0.861189999999999,4728
2026-03-20T01:00:00+00:00,0.861189999999999,0.861229999999999,0.860949999999999,0.861049999999999,6773
2026-03-20T02:00:00+00:00,0.861049999999999,0.861289999999999,0.8610299999999991,0.861229999999999,3788
2026-03-20T03:00:00+00:00,0.861229999999999,0.861269999999999,0.861099999999999,0.861209999999999,3204
2026-03-20T04:00:00+00:00,0.861209999999999,0.861339999999999,0.8611299999999991,0.861189999999999,2586
2026-03-20T05:00:00+00:00,0.861189999999999,0.861289999999999,0.861099999999999,0.8611499999999991,3378
2026-03-20T06:00:00+00:00,0.8611499999999991,0.861629999999999,0.861039999999999,0.861449999999999,4108
2026-03-20T07:00:00+00:00,0.861449999999999,0.861629999999999,0.8606399999999991,0.8609599999999991,9438
2026-03-20T08:00:00+00:00,0.8609599999999991,0.861239999999999,0.860509999999999,0.861169999999999,10328
2026-03-20T09:00:00+00:00,0.861169999999999,0.8620299999999991,0.861109999999999,0.861999999999999,11356
2026-03-20T10:00:00+00:00,0.861999999999999,0.863189999999999,0.861799999999999,0.863059999999999,12217
2026-03-20T11:00:00+00:00,0.863059999999999,0.863409999999999,0.8628099999999991,0.862939999999999,10196
2026-03-20T12:00:00+00:00,0.862939999999999,0.863439999999999,0.8623699999999991,0.863259999999999,15896
2026-03-20T13:00:00+00:00,0.863259999999999,0.863919999999999,0.862939999999999,0.863459999999999,19011
2026-03-20T14:00:00+00:00,0.863459999999999,0.8657899999999991,0.8634199999999991,0.865779999999999,23738
2026-03-20T15:00:00+00:00,0.865779999999999,0.866849999999999,0.864679999999999,0.866749999999999,23273
2026-03-20T16:00:00+00:00,0.866749999999999,0.866939999999999,0.866439999999999,0.866629999999999,17040
2026-03-20T17:00:00+00:00,0.866629999999999,0.866669999999999,0.865559999999999,0.865669999999999,17220
2026-03-20T18:00:00+00:00,0.865669999999999,0.865969999999999,0.864949999999999,0.865769999999999,16541
2026-03-20T19:00:00+00:00,0.865769999999999,0.865999999999999,0.8653499999999991,0.865879999999999,12113
2026-03-20T20:00:00+00:00,0.865879999999999,0.866289999999999,0.865429999999999,0.866179999999999,8145.245073136551
2026-03-22T21:00:00+00:00,0.866179999999999,0.867049999999999,0.865779999999999,0.866559999999999,1505.9700412174238
2026-03-22T22:00:00+00:00,0.866559999999999,0.868089999999999,0.866559999999999,0.867659999999999,4067
2026-03-22T23:00:00+00:00,0.867659999999999,0.867699999999999,0.867189999999999,0.867219999999999,5140
2026-03-23T00:00:00+00:00,0.867219999999999,0.867359999999999,0.866829999999999,0.866839999999999,8549
2026-03-23T01:00:00+00:00,0.866839999999999,0.867019999999999,0.866489999999999,0.866759999999999,10786
2026-03-23T02:00:00+00:00,0.866759999999999,0.867249999999999,0.8664499999999989,0.8670599999999989,7803
2026-03-23T03:00:00+00:00,0.8670599999999989,0.867479999999999,0.866949999999999,0.867379999999999,5611
2026-03-23T04:00:00+00:00,0.867379999999999,0.867469999999999,0.866989999999999,0.8670599999999989,4297
2026-03-23T05:00:00+00:00,0.8670599999999989,0.867349999999999,0.8668899999999989,0.8672799999999989,6100
2026-03-23T06:00:00+00:00,0.8672799999999989,0.867919999999999,0.867109999999999,0.867749999999999,9967
2026-03-23T07:00:00+00:00,0.867749999999999,0.868079999999999,0.867199999999999,0.867529999999999,13374
2026-03-23T08:00:00+00:00,0.867529999999999,0.867589999999999,0.866109999999999,0.866459999999999,16231
2026-03-23T09:00:00+00:00,0.866459999999999,0.866819999999999,0.866039999999999,0.866399999999999,14307
2026-03-23T10:00:00+00:00,0.866399999999999,0.866739999999999,0.865859999999999,0.866159999999999,14193
2026-03-23T11:00:00+00:00,0.866159999999999,0.866929999999999,0.863339999999999,0.865379999999999,67792
2026-03-23T12:00:00+00:00,0.865379999999999,0.865609999999999,0.864549999999999,0.864909999999999,38123
2026-03-23T13:00:00+00:00,0.864909999999999,0.865469999999999,0.864259999999999,0.864789999999999,30124
2026-03-23T14:00:00+00:00,0.864789999999999,0.864919999999999,0.8632299999999989,0.864179999999999,28061
2026-03-23T15:00:00+00:00,0.864179999999999,0.865869999999999,0.863949999999999,0.865779999999999,25090
2026-03-23T16:00:00+00:00,0.865779999999999,0.8658899999999989,0.864739999999999,0.865119999999999,28903
2026-03-23T17:00:00+00:00,0.865119999999999,0.865289999999999,0.864269999999999,0.864409999999999,18204
2026-03-23T18:00:00+00:00,0.864409999999999,0.864989999999999,0.864249999999999,0.864909999999999,18716
2026-03-23T19:00:00+00:00,0.864909999999999,0.864929999999999,0.8644499999999989,0.864759999999999,11067
2026-03-23T20:00:00+00:00,0.864759999999999,0.865029999999999,0.864159999999999,0.864159999999999,4784
2026-03-23T21:00:00+00:00,0.864159999999999,0.8654499999999989,0.8640699999999989,0.8648999999999989,1574.7156443854376
2026-03-23T22:00:00+00:00,0.8648999999999989,0.8653199999999989,0.8648899999999989,0.8651599999999989,2743
2026-03-23T23:00:00+00:00,0.8651599999999989,0.865179999999999,0.8650199999999989,0.8651099999999989,2882
2026-03-24T00:00:00+00:00,0.8651099999999989,0.8654299999999989,0.8648899999999989,0.8652299999999989,8495
2026-03-24T01:00:00+00:00,0.8652299999999989,0.865789999999999,0.8652299999999989,0.8654099999999989,8879
2026-03-24T02:00:00+00:00,0.8654099999999989,0.8655399999999989,0.8649199999999989,0.8650599999999989,6169
2026-03-24T03:00:00+00:00,0.8650599999999989,0.8652299999999989,0.8648199999999989,0.8650399999999989,4291
2026-03-24T04:00:00+00:00,0.8650399999999989,0.8653299999999989,0.8649399999999989,0.8651099999999989,4252
2026-03-24T05:00:00+00:00,0.8651099999999989,0.8654899999999989,0.8650299999999989,0.8650499999999989,5926
2026-03-24T06:00:00+00:00,0.8650499999999989,0.8650499999999989,0.8642799999999989,0.8647699999999989,9591
2026-03-24T07:00:00+00:00,0.8647699999999989,0.8651499999999989,0.8642799999999989,0.8648099999999989,15434
2026-03-24T08:00:00+00:00,0.8648099999999989,0.8659799999999989,0.8647799999999989,0.8658999999999989,15503
2026-03-24T09:00:00+00:00,0.8658999999999989,0.8663199999999989,0.8654199999999989,0.8656299999999989,13210
2026-03-24T10:00:00+00:00,0.8656299999999989,0.8657299999999989,0.8651199999999989,0.8652399999999989,10490
2026-03-24T11:00:00+00:00,0.8652399999999989,0.8656699999999989,0.8648399999999989,0.8655899999999989,13435
2026-03-24T12:00:00+00:00,0.8655899999999989,0.8659199999999989,0.865079999999999,0.8655099999999989,16302
2026-03-24T13:00:00+00:00,0.8655099999999989,0.8661999999999989,0.8654799999999989,0.8659899999999989,20587
2026-03-24T14:00:00+00:00,0.8659899999999989,0.8661199999999989,0.8648899999999989,0.8654299999999989,22785
2026-03-24T15:00:00+00:00,0.8654299999999989,0.8660199999999989,0.8652899999999989,0.8657599999999989,14780
2026-03-24T16:00:00+00:00,0.8657599999999989,0.8663399999999989,0.8657299999999989,0.8659999999999989,14951
2026-03-24T17:00:00+00:00,0.8659999999999989,0.8662499999999989,0.8657199999999989,0.8658299999999989,15482
2026-03-24T18:00:00+00:00,0.8658299999999989,0.8663699999999989,0.8657699999999989,0.8659399999999989,11931
2026-03-24T19:00:00+00:00,0.8659399999999989,0.8663399999999989,0.8659299999999989,0.8662199999999989,9039
2026-03-24T20:00:00+00:00,0.8662199999999989,0.8662599999999989,0.865469999999999,0.8658999999999989,14261
2026-03-24T21:00:00+00:00,0.8658999999999989,0.8662499999999989,0.8652199999999989,0.8657199999999989,3833
2026-03-24T22:00:00+00:00,0.8657199999999989,0.8664499999999989,0.8657199999999989,0.8660299999999989,4617
2026-03-24T23:00:00+00:00,0.8660299999999989,0.8662899999999989,0.8658299999999989,0.8661999999999989,3164
2026-03-25T00:00:00+00:00,0.8661999999999989,0.866349999999999,0.8659499999999989,0.8660399999999989,8504
2026-03-25T01:00:00+00:00,0.8660399999999989,0.8662799999999989,0.8657999999999989,0.8661199999999989,9109
2026-03-25T02:00:00+00:00,0.8661199999999989,0.8664499999999989,0.8659999999999989,0.8662899999999989,5682
2026-03-25T03:00:00+00:00,0.8662899999999989,0.8665599999999989,0.8660899999999989,0.8665399999999989,4728
2026-03-25T04:00:00+00:00,0.8665399999999989,0.866619999999999,0.8663699999999989,0.8665399999999989,3690
2026-03-25T05:00:00+00:00,0.8665399999999989,0.8672099999999989,0.8664199999999989,0.8672099999999989,5000
2026-03-25T06:00:00+00:00,0.8672099999999989,0.8672099999999989,0.8663899999999989,0.8669499999999989,6860
2026-03-25T07:00:00+00:00,0.8669499999999989,0.8673299999999989,0.8664799999999989,0.8665999999999989,10720
2026-03-25T08:00:00+00:00,0.8665999999999989,0.8666699999999989,0.865569999999999,0.8658199999999989,16128
2026-03-25T09:00:00+00:00,0.8658199999999989,0.8664899999999989,0.8657999999999989,0.8663599999999989,10293
2026-03-25T10:00:00+00:00,0.8663599999999989,0.866569999999999,0.8658099999999989,0.8658499999999989,10762
2026-03-25T11:00:00+00:00,0.8658499999999989,0.8659199999999989,0.865299999999999,0.8655899999999989,9367
2026-03-25T12:00:00+00:00,0.8655899999999989,0.866179999999999,0.8653199999999989,0.8659299999999989,17315
2026-03-25T13:00:00+00:00,0.8659299999999989,0.8661599999999989,0.8654899999999989,0.865959999999999,15487
2026-03-25T14:00:00+00:00,0.865959999999999,0.8668499999999989,0.865909999999999,0.8660999999999989,19748
2026-03-25T15:00:00+00:00,0.8660999999999989,0.8661399999999989,0.8655499999999989,0.865789999999999,18143
2026-03-25T16:00:00+00:00,0.865789999999999,0.8659299999999989,0.8651199999999989,0.8651399999999989,17557
2026-03-25T17:00:00+00:00,0.8651399999999989,0.8656499999999989,0.865079999999999,0.865569999999999,11584
2026-03-25T18:00:00+00:00,0.865569999999999,0.8660699999999989,0.8655499999999989,0.865859999999999,10337
2026-03-25T19:00:00+00:00,0.865859999999999,0.8658999999999989,0.8655799999999989,0.8656399999999989,8502
2026-03-25T20:00:00+00:00,0.8656399999999989,0.8657199999999989,0.8650699999999989,0.865249999999999,4073
2026-03-25T21:00:00+00:00,0.865249999999999,0.8654499999999989,0.8647799999999989,0.8652599999999989,2141
2026-03-25T22:00:00+00:00,0.8652599999999989,0.8656599999999989,0.8652599999999989,0.8656299999999989,1492
2026-03-25T23:00:00+00:00,0.8656299999999989,0.8657499999999989,0.8655799999999989,0.8656399999999989,2057
2026-03-26T00:00:00+00:00,0.8656399999999989,0.8658899999999989,0.8655999999999989,0.8656999999999989,4013
2026-03-26T01:00:00+00:00,0.8656999999999989,0.866179999999999,0.8656499999999989,0.866009999999999,4204
2026-03-26T02:00:00+00:00,0.866009999999999,0.8662699999999989,0.8659799999999989,0.866229999999999,3681
2026-03-26T03:00:00+00:00,0.866229999999999,0.8663199999999989,0.8660299999999989,0.8661199999999989,3240
2026-03-26T04:00:00+00:00,0.8661199999999989,0.866229999999999,0.8660599999999989,0.8661099999999989,2408
2026-03-26T05:00:00+00:00,0.8661099999999989,0.866179999999999,0.8658999999999989,0.8659399999999989,4145
2026-03-26T06:00:00+00:00,0.8659399999999989,0.8659799999999989,0.8655299999999989,0.8659299999999989,6099
2026-03-26T07:00:00+00:00,0.8659299999999989,0.8662599999999989,0.8656499999999989,0.8659399999999989,8418
2026-03-26T08:00:00+00:00,0.8659399999999989,0.8667599999999989,0.8658199999999989,0.866229999999999,10352
2026-03-26T09:00:00+00:00,0.866229999999999,0.8666099999999989,0.8658699999999989,0.8661499999999989,10515
2026-03-26T10:00:00+00:00,0.8661499999999989,0.8662799999999989,0.8658199999999989,0.8659899999999989,10265
2026-03-26T11:00:00+00:00,0.8659899999999989,0.8660399999999989,0.8649699999999989,0.8652899999999989,10697
2026-03-26T12:00:00+00:00,0.8652899999999989,0.8658899999999989,0.8652599999999989,0.8658299999999989,16978
2026-03-26T13:00:00+00:00,0.8658299999999989,0.8658499999999989,0.8646399999999989,0.8647499999999989,19257
2026-03-26T14:00:00+00:00,0.8647499999999989,0.864909999999999,0.864179999999999,0.8647599999999989,24336
2026-03-26T15:00:00+00:00,0.8647599999999989,0.8653099999999989,0.8645799999999989,0.8649999999999989,20170
2026-03-26T16:00:00+00:00,0.8649999999999989,0.8655799999999989,0.864909999999999,0.8654199999999989,15886
2026-03-26T17:00:00+00:00,0.8654199999999989,0.865909999999999,0.8649899999999989,0.8658999999999989,13659
2026-03-26T18:00:00+00:00,0.8658999999999989,0.8660299999999989,0.865739999999999,0.8658499999999989,13280
2026-03-26T19:00:00+00:00,0.8658499999999989,0.8660199999999989,0.8656099999999989,0.8659499999999989,10608
2026-03-26T20:00:00+00:00,0.8659499999999989,0.8660599999999989,0.8648999999999989,0.8649899999999989,15577
2026-03-26T21:00:00+00:00,0.8649899999999989,0.8653699999999989,0.8646399999999989,0.8652699999999989,2860.252277904328
2026-03-26T22:00:00+00:00,0.8652699999999989,0.8657699999999989,0.8651099999999989,0.8655799999999989,1436
2026-03-26T23:00:00+00:00,0.8655799999999989,0.8656599999999989,0.8654299999999989,0.8654899999999989,1651
2026-03-27T00:00:00+00:00,0.8654899999999989,0.865619999999999,0.8652699999999989,0.8652899999999989,6727
2026-03-27T01:00:00+00:00,0.8652899999999989,0.8654499999999989,0.8652299999999989,0.8653699999999989,6476
2026-03-27T02:00:00+00:00,0.8653699999999989,0.8654899999999989,0.8652699999999989,0.8653799999999989,4197
2026-03-27T03:00:00+00:00,0.8653799999999989,0.8654999999999989,0.8652899999999989,0.8654499999999989,4814
2026-03-27T04:00:00+00:00,0.8654499999999989,0.8656599999999989,0.8653899999999989,0.8655899999999989,4083
2026-03-27T05:00:00+00:00,0.8655899999999989,0.8656699999999989,0.865469999999999,0.8656499999999989,5060
2026-03-27T06:00:00+00:00,0.8656499999999989,0.8656999999999989,0.8653699999999989,0.8654599999999989,4844
2026-03-27T07:00:00+00:00,0.8654599999999989,0.866079999999999,0.8653899999999989,0.8657099999999989,7020
2026-03-27T08:00:00+00:00,0.8657099999999989,0.8660999999999989,0.8654999999999989,0.8658199999999989,10981
2026-03-27T09:00:00+00:00,0.8658199999999989,0.8664599999999989,0.8657599999999989,0.8661999999999989,10126
2026-03-27T10:00:00+00:00,0.8661999999999989,0.8662799999999989,0.865789999999999,0.8658799999999989,9288
2026-03-27T11:00:00+00:00,0.8658799999999989,0.8668999999999989,0.8657999999999989,0.8668299999999989,9674
2026-03-27T12:00:00+00:00,0.8668299999999989,0.8676699999999989,0.8667499999999989,0.8674799999999989,12183
2026-03-27T13:00:00+00:00,0.8674799999999989,0.8680399999999989,0.867079999999999,0.8671499999999989,16296
2026-03-27T14:00:00+00:00,0.8671499999999989,0.8672499999999989,0.8663899999999989,0.8665899999999989,16571
2026-03-27T15:00:00+00:00,0.8665899999999989,0.8675399999999989,0.8663699999999989,0.8672199999999989,19765
2026-03-27T16:00:00+00:00,0.8672199999999989,0.868229999999999,0.8671999999999989,0.8681199999999989,17206
2026-03-27T17:00:00+00:00,0.8681199999999989,0.8684399999999989,0.8678999999999989,0.8682699999999989,8149
2026-03-27T18:00:00+00:00,0.8682699999999989,0.8683099999999989,0.8678899999999989,0.8681199999999989,8653
2026-03-27T19:00:00+00:00,0.8681199999999989,0.8684199999999989,0.868079999999999,0.868299999999999,7434
2026-03-27T20:00:00+00:00,0.868299999999999,0.8683699999999989,0.8671999999999989,0.8679399999999989,6945.025125628141
2026-03-29T21:00:00+00:00,0.8679399999999989,0.8684299999999988,0.8666799999999989,0.8670199999999989,530.1190383017657
2026-03-29T22:00:00+00:00,0.8670199999999989,0.869199999999999,0.8670199999999989,0.868639999999999,5860
2026-03-29T23:00:00+00:00,0.868639999999999,0.8689699999999989,0.868539999999999,0.868879999999999,4930
2026-03-30T00:00:00+00:00,0.868879999999999,0.8692799999999989,0.868829999999999,0.869099999999999,9511
2026-03-30T01:00:00+00:00,0.869099999999999,0.869219999999999,0.8690199999999989,0.8690899999999989,5359
2026-03-30T02:00:00+00:00,0.8690899999999989,0.869299999999999,0.869029999999999,0.8690699999999989,4948
2026-03-30T03:00:00+00:00,0.8690699999999989,0.8690699999999989,0.868469999999999,0.868539999999999,4674
2026-03-30T04:00:00+00:00,0.868539999999999,0.868709999999999,0.868449999999999,0.868589999999999,3439
2026-03-30T05:00:00+00:00,0.868589999999999,0.868589999999999,0.868099999999999,0.8684299999999989,4936
2026-03-30T06:00:00+00:00,0.8684299999999989,0.8686799999999989,0.868079999999999,0.868619999999999,7467
2026-03-30T07:00:00+00:00,0.868619999999999,0.869029999999999,0.868539999999999,0.8688499999999989,8694
2026-03-30T08:00:00+00:00,0.8688499999999989,0.869569999999999,0.868639999999999,0.869439999999999,7891
2026-03-30T09:00:00+00:00,0.869439999999999,0.869469999999999,0.868789999999999,0.8692599999999989,7456
2026-03-30T10:00:00+00:00,0.8692599999999989,0.869469999999999,0.8687999999999989,0.8693099999999989,6815
2026-03-30T11:00:00+00:00,0.8693099999999989,0.869319999999999,0.8684699999999989,0.8688299999999989,11005.078470588236
2026-03-30T12:00:00+00:00,0.8688299999999989,0.8689699999999988,0.8684099999999988,0.8688899999999988,11554
2026-03-30T13:00:00+00:00,0.8688899999999988,0.8704799999999988,0.8687199999999988,0.8703799999999988,15806
2026-03-30T14:00:00+00:00,0.8703799999999988,0.8706599999999989,0.8693299999999988,0.8695099999999988,18166
2026-03-30T15:00:00+00:00,0.8695099999999988,0.8696599999999989,0.8686999999999988,0.8691999999999989,14984
2026-03-30T16:00:00+00:00,0.8691999999999989,0.8698199999999988,0.8689299999999989,0.8696299999999988,9931
2026-03-30T17:00:00+00:00,0.8696299999999988,0.8699599999999988,0.8694999999999988,0.8697699999999988,10005
2026-03-30T18:00:00+00:00,0.8697699999999988,0.8701899999999988,0.8696999999999988,0.8700499999999989,7130
2026-03-30T19:00:00+00:00,0.8700499999999989,0.8702999999999989,0.8698999999999988,0.8699499999999988,7243
2026-03-30T20:00:00+00:00,0.8699499999999988,0.8703099999999988,0.8696799999999988,0.8701999999999989,5361
2026-03-30T21:00:00+00:00,0.8701999999999989,0.8703599999999988,0.8693599999999988,0.8700399999999988,3257
2026-03-30T22:00:00+00:00,0.8700399999999988,0.8704699999999989,0.8700199999999988,0.8703599999999988,1240
2026-03-30T23:00:00+00:00,0.8703599999999988,0.8706499999999988,0.8702299999999988,0.8705599999999988,2673
2026-03-31T00:00:00+00:00,0.8705599999999988,0.8708199999999988,0.8698399999999988,0.8700599999999988,10823
2026-03-31T01:00:00+00:00,0.8700599999999988,0.8703399999999988,0.8694099999999988,0.8695499999999988,13073
2026-03-31T02:00:00+00:00,0.8695499999999988,0.8697399999999988,0.8694599999999988,0.8695999999999988,6346
2026-03-31T03:00:00+00:00,0.8695999999999988,0.8697899999999988,0.8693699999999989,0.8697199999999988,4568
2026-03-31T04:00:00+00:00,0.8697199999999988,0.8699299999999989,0.8696199999999988,0.8698899999999988,3465
2026-03-31T05:00:00+00:00,0.8698899999999988,0.8699699999999988,0.8689999999999989,0.8691499999999989,6290
2026-03-31T06:00:00+00:00,0.8691499999999989,0.8698599999999989,0.8690499999999989,0.8695399999999989,8668
2026-03-31T07:00:00+00:00,0.8695399999999989,0.8698799999999989,0.8691299999999988,0.8695999999999988,11394
2026-03-31T08:00:00+00:00,0.8695999999999988,0.8698999999999988,0.8687099999999989,0.8687099999999989,10048
2026-03-31T09:00:00+00:00,0.8687099999999989,0.8692299999999988,0.8684299999999988,0.8686799999999988,8557
2026-03-31T10:00:00+00:00,0.8686799999999988,0.8693199999999989,0.8685499999999988,0.8689799999999989,6877
2026-03-31T11:00:00+00:00,0.8689799999999989,0.8695699999999988,0.8688399999999988,0.8690599999999988,16328
2026-03-31T12:00:00+00:00,0.8690599999999988,0.8698799999999989,0.8689299999999989,0.8698299999999989,17219
2026-03-31T13:00:00+00:00,0.8698299999999989,0.8705399999999989,0.8696799999999988,0.8704099999999988,13889
2026-03-31T14:00:00+00:00,0.8704099999999988,0.8750899999999988,0.8702399999999988,0.8743599999999988,29980
2026-03-31T15:00:00+00:00,0.8743599999999988,0.8748299999999988,0.8730599999999988,0.8743899999999988,26604
2026-03-31T16:00:00+00:00,0.8743899999999988,0.8749299999999989,0.8739199999999988,0.8740399999999988,34214
2026-03-31T17:00:00+00:00,0.8740399999999988,0.8742099999999988,0.8729899999999988,0.8730099999999988,23963
2026-03-31T18:00:00+00:00,0.8730099999999988,0.8736399999999989,0.8726799999999988,0.8735599999999988,12833
2026-03-31T19:00:00+00:00,0.8735599999999988,0.8741799999999988,0.8733099999999988,0.8741599999999988,11163
2026-03-31T20:00:00+00:00,0.8741599999999988,0.8745699999999988,0.8735399999999989,0.8737999999999988,8091
2026-03-31T21:00:00+00:00,0.8737999999999988,0.8749199999999988,0.8728599999999987,0.8747299999999988,1523.4039419677088
2026-03-31T22:00:00+00:00,0.8747299999999988,0.8751199999999988,0.8746899999999987,0.8748999999999988,1974
2026-03-31T23:00:00+00:00,0.8748999999999988,0.8752499999999988,0.8748299999999988,0.8752299999999987,3417
2026-04-01T00:00:00+00:00,0.8752299999999987,0.8752499999999988,0.8747099999999988,0.8750699999999988,5423
2026-04-01T01:00:00+00:00,0.8750699999999988,0.8755299999999988,0.8748899999999987,0.8750999999999988,9245
2026-04-01T02:00:00+00:00,0.8750999999999988,0.8752399999999988,0.8748899999999987,0.8750499999999988,5306
2026-04-01T03:00:00+00:00,0.8750499999999988,0.8751099999999987,0.8748099999999988,0.8748799999999988,3944
2026-04-01T04:00:00+00:00,0.8748799999999988,0.8748899999999987,0.8745999999999987,0.8746399999999988,3967
2026-04-01T05:00:00+00:00,0.8746399999999988,0.8747199999999987,0.8739199999999988,0.8739399999999987,6565
2026-04-01T06:00:00+00:00,0.8739399999999987,0.8739899999999987,0.8730899999999987,0.8735399999999988,17189
2026-04-01T07:00:00+00:00,0.8735399999999988,0.8744799999999987,0.8733599999999988,0.8743599999999988,17527
2026-04-01T08:00:00+00:00,0.8743599999999988,0.8745299999999988,0.8738099999999988,0.8739099999999987,13977
2026-04-01T09:00:00+00:00,0.8739099999999987,0.8740499999999988,0.8731899999999988,0.8736099999999988,13546
2026-04-01T10:00:00+00:00,0.8736099999999988,0.8736099999999988,0.8724599999999988,0.8733299999999987,11478
2026-04-01T11:00:00+00:00,0.8733299999999987,0.8734999999999987,0.8723899999999988,0.8726299999999988,9900
2026-04-01T12:00:00+00:00,0.8726299999999988,0.8737299999999988,0.8722599999999987,0.8734499999999987,19731
2026-04-01T13:00:00+00:00,0.8734499999999987,0.8739799999999988,0.8732899999999988,0.8732999999999987,23266
2026-04-01T14:00:00+00:00,0.8732999999999987,0.8740099999999987,0.8729299999999988,0.8729599999999987,22441
2026-04-01T15:00:00+00:00,0.8729599999999987,0.8731999999999988,0.8724499999999987,0.8725999999999987,14863
2026-04-01T16:00:00+00:00,0.8725999999999987,0.8729599999999987,0.8722099999999987,0.8723799999999987,10721
2026-04-01T17:00:00+00:00,0.8723799999999987,0.8724099999999988,0.8718899999999987,0.8718899999999987,10388
2026-04-01T18:00:00+00:00,0.8718899999999987,0.8723399999999988,0.8716799999999988,0.8718699999999987,11991
2026-04-01T19:00:00+00:00,0.8718699999999987,0.8724999999999987,0.8718499999999988,0.8722699999999988,7838
2026-04-01T20:00:00+00:00,0.8722699999999988,0.8724999999999987,0.8717299999999988,0.8717999999999988,4986
2026-04-01T21:00:00+00:00,0.8717999999999988,0.8723299999999988,0.8708299999999988,0.8719799999999988,3850.500903604654
2026-04-01T22:00:00+00:00,0.8719799999999988,0.8723899999999988,0.8719699999999988,0.8723499999999987,1520
2026-04-01T23:00:00+00:00,0.8723499999999987,0.8726099999999988,0.8722899999999988,0.8725299999999988,2137
2026-04-02T00:00:00+00:00,0.8725299999999988,0.8726899999999987,0.8721699999999988,0.8723099999999988,8123
2026-04-02T01:00:00+00:00,0.8723099999999988,0.8731999999999988,0.8717799999999988,0.8728099999999988,28885
2026-04-02T02:00:00+00:00,0.8728099999999988,0.8731299999999987,0.8726299999999988,0.8729999999999988,11598
2026-04-02T03:00:00+00:00,0.8729999999999988,0.8733399999999988,0.8728999999999988,0.8731699999999988,6559
2026-04-02T04:00:00+00:00,0.8731699999999988,0.8731999999999988,0.8728199999999988,0.8728899999999988,5844
2026-04-02T05:00:00+00:00,0.8728899999999988,0.8734799999999988,0.8728599999999987,0.8733699999999988,6583
2026-04-02T06:00:00+00:00,0.8733699999999988,0.8740799999999987,0.8732599999999988,0.8735299999999988,12849
2026-04-02T07:00:00+00:00,0.8735299999999988,0.8740499999999988,0.8734399999999988,0.8738299999999988,13181
2026-04-02T08:00:00+00:00,0.8738299999999988,0.8746299999999988,0.8737499999999988,0.8743099999999988,9101
2026-04-02T09:00:00+00:00,0.8743099999999988,0.8745899999999988,0.8741599999999988,0.8743299999999988,7856
2026-04-02T10:00:00+00:00,0.8743299999999988,0.8747099999999988,0.8739699999999988,0.8743199999999988,8994
2026-04-02T11:00:00+00:00,0.8743199999999988,0.8744399999999988,0.8736499999999988,0.8737299999999988,9091
2026-04-02T12:00:00+00:00,0.8737299999999988,0.8740399999999988,0.8732499999999987,0.8734199999999988,14131
2026-04-02T13:00:00+00:00,0.8734199999999988,0.8740199999999988,0.8733899999999988,0.8735199999999987,17240
2026-04-02T14:00:00+00:00,0.8735199999999987,0.8744899999999988,0.8733799999999988,0.8735099999999988,27264
2026-04-02T15:00:00+00:00,0.8735099999999988,0.8738999999999988,0.8732899999999988,0.8733599999999988,19316.38046232611
2026-04-02T16:00:00+00:00,0.8733599999999988,0.8737399999999989,0.8732899999999988,0.8734099999999988,12960
2026-04-02T17:00:00+00:00,0.8734099999999988,0.8739999999999988,0.8733499999999988,0.8737099999999989,9340
2026-04-02T18:00:00+00:00,0.8737099999999989,0.8738299999999988,0.8734599999999988,0.8736599999999989,7715
2026-04-02T19:00:00+00:00,0.8736599999999989,0.8737899999999988,0.8735099999999988,0.8735399999999989,7104
2026-04-02T20:00:00+00:00,0.8735399999999989,0.8737799999999988,0.8732299999999988,0.8732299999999988,3443
2026-04-02T21:00:00+00:00,0.8732299999999988,0.8744099999999989,0.8729599999999988,0.8740299999999989,2934.8167994049686
2026-04-02T22:00:00+00:00,0.8740299999999989,0.8744199999999989,0.8740299999999989,0.8742999999999989,1174
2026-04-02T23:00:00+00:00,0.8742999999999989,0.8743599999999989,0.8740899999999989,0.8741999999999989,1374
2026-04-03T00:00:00+00:00,0.8741999999999989,0.8742799999999988,0.8736199999999988,0.8736399999999989,2562
2026-04-03T01:00:00+00:00,0.8736399999999989,0.8740099999999988,0.8736199999999988,0.8738699999999989,1866
2026-04-03T02:00:00+00:00,0.8738699999999989,0.8740399999999989,0.8737799999999989,0.8739399999999988,1798
2026-04-03T03:00:00+00:00,0.8739399999999988,0.8739799999999989,0.8737999999999989,0.8737999999999989,1309
2026-04-03T04:00:00+00:00,0.8737999999999989,0.8739099999999989,0.8736899999999989,0.8738099999999989,1828
2026-04-03T05:00:00+00:00,0.8738099999999989,0.8739099999999989,0.8735799999999989,0.8736799999999989,2040
2026-04-03T06:00:00+00:00,0.8736799999999989,0.8737999999999989,0.8735599999999989,0.8737699999999988,2194
2026-04-03T07:00:00+00:00,0.8737699999999988,0.8738799999999989,0.8735799999999989,0.8736899999999989,3112
2026-04-03T08:00:00+00:00,0.8736899999999989,0.8739799999999989,0.8736299999999989,0.8737699999999988,2885
2026-04-03T09:00:00+00:00,0.8737699999999988,0.8740699999999989,0.8737199999999988,0.8739799999999989,2962
2026-04-03T10:00:00+00:00,0.8739799999999989,0.8743399999999989,0.8738799999999989,0.8742299999999988,2418
2026-04-03T11:00:00+00:00,0.8742299999999988,0.8742799999999988,0.8737999999999989,0.8740099999999988,3460
2026-04-03T12:00:00+00:00,0.8740099999999988,0.8745999999999988,0.8729999999999989,0.8745499999999988,9439
2026-04-03T13:00:00+00:00,0.8745499999999988,0.8748099999999989,0.8742299999999988,0.8744999999999988,4833
2026-04-03T14:00:00+00:00,0.8744999999999988,0.8746399999999989,0.8743099999999989,0.8744099999999989,4781
2026-04-03T15:00:00+00:00,0.8744099999999989,0.8750199999999989,0.8736099999999989,0.8744999999999988,7784
2026-04-03T16:00:00+00:00,0.8744999999999988,0.8748299999999989,0.8743599999999989,0.8745399999999989,3085
2026-04-03T17:00:00+00:00,0.8745399999999989,0.8747199999999988,0.8743699999999989,0.8745299999999989,3509
2026-04-03T18:00:00+00:00,0.8745299999999989,0.8748799999999989,0.8743199999999989,0.8746099999999989,2525
2026-04-03T19:00:00+00:00,0.8746099999999989,0.8747399999999989,0.8742699999999989,0.8745599999999989,1963
2026-04-03T20:00:00+00:00,0.8745599999999989,0.8751399999999989,0.8734099999999989,0.8735299999999989,5587.18193969426
2026-04-05T21:00:00+00:00,0.87282,0.8732000000000002,0.87282,0.8730000000000002,424.0634108165183
2026-04-05T22:00:00+00:00,0.8730000000000002,0.8732000000000002,0.8726200000000002,0.8727800000000002,5138
2026-04-05T23:00:00+00:00,0.8727800000000002,0.8728100000000002,0.8726100000000002,0.8727200000000002,3116
2026-04-06T00:00:00+00:00,0.8727200000000002,0.8728500000000002,0.8721500000000002,0.8721700000000002,5661
2026-04-06T01:00:00+00:00,0.8721700000000002,0.8723000000000002,0.8720200000000002,0.8720500000000002,4725
2026-04-06T02:00:00+00:00,0.8720500000000002,0.8721600000000002,0.8717300000000002,0.8718800000000002,6612
2026-04-06T03:00:00+00:00,0.8718800000000002,0.8720900000000003,0.8718500000000002,0.8720600000000002,4826
2026-04-06T04:00:00+00:00,0.8720600000000002,0.8721000000000002,0.8719000000000002,0.8720900000000003,3197
2026-04-06T05:00:00+00:00,0.8720900000000003,0.8720900000000003,0.8718300000000002,0.8719200000000003,3475
2026-04-06T06:00:00+00:00,0.8719200000000003,0.8723800000000002,0.8718400000000002,0.8723100000000003,5766
2026-04-06T07:00:00+00:00,0.8723100000000003,0.8728300000000002,0.8722600000000003,0.8724300000000001,8857
2026-04-06T08:00:00+00:00,0.8724300000000001,0.8724700000000002,0.8719000000000002,0.8720000000000002,8015
2026-04-06T09:00:00+00:00,0.8720000000000002,0.8720300000000002,0.8717300000000002,0.8718700000000003,6180
2026-04-06T10:00:00+00:00,0.8718700000000003,0.8718900000000002,0.8714800000000003,0.8717800000000002,7612
2026-04-06T11:00:00+00:00,0.8717800000000002,0.8721300000000002,0.8716800000000002,0.8721000000000002,6344
2026-04-06T12:00:00+00:00,0.8721000000000002,0.8722100000000002,0.8718700000000003,0.8721100000000002,6883
2026-04-06T13:00:00+00:00,0.8721100000000002,0.8721400000000002,0.8716000000000002,0.8717900000000002,9344
2026-04-06T14:00:00+00:00,0.8717900000000002,0.8722900000000002,0.8714900000000002,0.8718300000000002,18897
2026-04-06T15:00:00+00:00,0.8718300000000002,0.8724500000000002,0.8717700000000002,0.8722100000000002,10252
2026-04-06T16:00:00+00:00,0.8722100000000002,0.8722800000000002,0.8719500000000002,0.8721900000000002,7968
2026-04-06T17:00:00+00:00,0.8721900000000002,0.8725100000000002,0.8720900000000003,0.8724500000000002,11196
2026-04-06T18:00:00+00:00,0.8724500000000002,0.8725700000000002,0.8720200000000002,0.8720900000000003,8834
2026-04-06T19:00:00+00:00,0.8720900000000003,0.8721200000000002,0.8719400000000002,0.8720600000000002,4975
2026-04-06T20:00:00+00:00,0.8720600000000002,0.8721200000000002,0.8716700000000002,0.8716700000000002,2361
2026-04-06T21:00:00+00:00,0.8716700000000002,0.8718000000000002,0.8712500000000002,0.8716400000000002,3079
2026-04-06T22:00:00+00:00,0.8716400000000002,0.8721100000000002,0.8716200000000002,0.8720500000000002,2792.622413439869
2026-04-06T23:00:00+00:00,0.8720500000000002,0.8721500000000002,0.8719200000000003,0.8719600000000002,1626
2026-04-07T00:00:00+00:00,0.8719600000000002,0.8720100000000002,0.8716700000000002,0.8718400000000002,6084
2026-04-07T01:00:00+00:00,0.8718400000000002,0.8721500000000002,0.8717600000000002,0.8720400000000001,6781
2026-04-07T02:00:00+00:00,0.8720400000000001,0.8723600000000002,0.8720100000000002,0.8721800000000002,4208
2026-04-07T03:00:00+00:00,0.8721800000000002,0.8722700000000002,0.8719500000000002,0.8720100000000002,2715
2026-04-07T04:00:00+00:00,0.8720100000000002,0.8720300000000002,0.8716900000000002,0.8718300000000002,3503
2026-04-07T05:00:00+00:00,0.8718300000000002,0.8721600000000002,0.8716900000000002,0.8717300000000002,5321
2026-04-07T06:00:00+00:00,0.8717300000000002,0.8719300000000002,0.8710700000000002,0.8713700000000002,8337
2026-04-07T07:00:00+00:00,0.8713700000000002,0.8724600000000002,0.8712900000000002,0.8720900000000003,8697
2026-04-07T08:00:00+00:00,0.8720900000000003,0.8723700000000002,0.8710800000000002,0.8711600000000002,15805
2026-04-07T09:00:00+00:00,0.8711600000000002,0.8715900000000002,0.8711600000000002,0.8715100000000002,9836
2026-04-07T10:00:00+00:00,0.8715100000000002,0.8723900000000002,0.8713700000000002,0.8723400000000002,14938
2026-04-07T11:00:00+00:00,0.8723400000000002,0.8726900000000002,0.8718600000000002,0.8725700000000002,10063
2026-04-07T12:00:00+00:00,0.8725700000000002,0.8726600000000002,0.8719900000000002,0.8723100000000003,12929
2026-04-07T13:00:00+00:00,0.8723100000000003,0.8732400000000002,0.8721400000000002,0.8731400000000002,14676
2026-04-07T14:00:00+00:00,0.8731400000000002,0.8735700000000002,0.8727500000000002,0.8734300000000002,18205
2026-04-07T15:00:00+00:00,0.8734300000000002,0.8739400000000002,0.8732800000000002,0.8738400000000002,17248
2026-04-07T16:00:00+00:00,0.8738400000000002,0.8738500000000002,0.8730500000000002,0.8731700000000002,14635
2026-04-07T17:00:00+00:00,0.8731700000000002,0.8732200000000002,0.8726400000000002,0.8728000000000002,10363
2026-04-07T18:00:00+00:00,0.8728000000000002,0.8728900000000002,0.8726300000000002,0.8728500000000002,8180
2026-04-07T19:00:00+00:00,0.8728500000000002,0.8730100000000002,0.8723700000000002,0.8724900000000002,15437
2026-04-07T20:00:00+00:00,0.8724900000000002,0.8725000000000002,0.8714300000000001,0.8714300000000001,8579
2026-04-07T21:00:00+00:00,0.8714300000000001,0.8726600000000002,0.8711400000000002,0.8718000000000002,3863
2026-04-07T22:00:00+00:00,0.8718000000000002,0.8723500000000002,0.8712500000000002,0.8723300000000002,22131
2026-04-07T23:00:00+00:00,0.8723300000000002,0.8725200000000002,0.8713700000000002,0.8718400000000002,20790
2026-04-08T00:00:00+00:00,0.8718400000000002,0.8722900000000002,0.8713700000000002,0.8716500000000001,17850
2026-04-08T01:00:00+00:00,0.8716500000000001,0.8717500000000002,0.8707600000000002,0.8708800000000002,15540
2026-04-08T02:00:00+00:00,0.8708800000000002,0.8712100000000002,0.8707500000000002,0.8709600000000002,7703
2026-04-08T03:00:00+00:00,0.8709600000000002,0.8710600000000002,0.8708000000000002,0.8708700000000003,6655
2026-04-08T04:00:00+00:00,0.8708700000000003,0.8710200000000002,0.8701200000000002,0.8702000000000002,6275
2026-04-08T05:00:00+00:00,0.8702000000000002,0.8707900000000002,0.8700200000000002,0.8702000000000002,9740
2026-04-08T06:00:00+00:00,0.8702000000000002,0.8711700000000002,0.8699800000000002,0.8707500000000002,14351
2026-04-08T07:00:00+00:00,0.8707500000000002,0.8712400000000002,0.8702700000000002,0.8710600000000002,15943
2026-04-08T08:00:00+00:00,0.8710600000000002,0.8711900000000002,0.8697400000000002,0.8697800000000002,12897
2026-04-08T09:00:00+00:00,0.8697800000000002,0.8701000000000002,0.8691400000000002,0.8698400000000002,12549
2026-04-08T10:00:00+00:00,0.8698400000000002,0.8699600000000002,0.8693000000000002,0.8695900000000002,9860
2026-04-08T11:00:00+00:00,0.8695900000000002,0.8695900000000002,0.8686400000000002,0.8687300000000002,14208
2026-04-08T12:00:00+00:00,0.8687300000000002,0.8692800000000002,0.8684600000000002,0.8692800000000002,18764
2026-04-08T13:00:00+00:00,0.8692800000000002,0.8696300000000002,0.8688500000000002,0.8694500000000002,18995
2026-04-08T14:00:00+00:00,0.8694500000000002,0.8703600000000002,0.8691100000000002,0.8694300000000001,22960
2026-04-08T15:00:00+00:00,0.8694300000000001,0.8702000000000002,0.8693800000000002,0.8694600000000002,17977
2026-04-08T16:00:00+00:00,0.8694600000000002,0.8702700000000002,0.8694400000000002,0.8700600000000002,11964
2026-04-08T17:00:00+00:00,0.8700600000000002,0.8702200000000002,0.8697300000000002,0.8697400000000002,10284
2026-04-08T18:00:00+00:00,0.8697400000000002,0.8704500000000002,0.8694000000000002,0.8701600000000002,14776
2026-04-08T19:00:00+00:00,0.8701600000000002,0.8702900000000002,0.8698800000000002,0.8701600000000002,11370
2026-04-08T20:00:00+00:00,0.8701600000000002,0.8705800000000002,0.8700300000000002,0.8705200000000002,5161
2026-04-08T21:00:00+00:00,0.8705200000000002,0.8705400000000002,0.8696000000000002,0.8701200000000002,2222
2026-04-08T22:00:00+00:00,0.8701200000000002,0.8705100000000002,0.8701100000000002,0.8702700000000002,1810
2026-04-08T23:00:00+00:00,0.8702700000000002,0.8703900000000002,0.8701600000000002,0.8703900000000002,2226.2192846034213
2026-04-09T00:00:00+00:00,0.8703900000000002,0.8704600000000002,0.8702100000000002,0.8703700000000002,4585.056185466776
2026-04-09T01:00:00+00:00,0.8703700000000002,0.8707600000000002,0.8703300000000002,0.8707000000000003,5196
2026-04-09T02:00:00+00:00,0.8707000000000003,0.8708400000000002,0.8703700000000002,0.8706900000000002,4883
2026-04-09T03:00:00+00:00,0.8706900000000002,0.8707400000000002,0.8704500000000002,0.8705200000000002,3955
2026-04-09T04:00:00+00:00,0.8705200000000002,0.8705700000000002,0.8702500000000002,0.8705300000000002,3654
2026-04-09T05:00:00+00:00,0.8705300000000002,0.8707500000000002,0.8704400000000002,0.8706500000000003,4155
2026-04-09T06:00:00+00:00,0.8706500000000003,0.8708100000000002,0.8703200000000002,0.8706500000000003,6694
2026-04-09T07:00:00+00:00,0.8706500000000003,0.8710900000000003,0.8704300000000001,0.8706600000000002,9015
2026-04-09T08:00:00+00:00,0.8706600000000002,0.8710800000000002,0.8704400000000002,0.8706700000000002,6902
2026-04-09T09:00:00+00:00,0.8706700000000002,0.8709400000000002,0.8704200000000002,0.8708800000000002,8002
2026-04-09T10:00:00+00:00,0.8708800000000002,0.8711300000000002,0.8706900000000002,0.8710300000000002,7088
2026-04-09T11:00:00+00:00,0.8710300000000002,0.8711400000000002,0.8701400000000002,0.8702800000000002,8862
2026-04-09T12:00:00+00:00,0.8702800000000002,0.8711000000000002,0.8701400000000002,0.8708900000000002,10057
2026-04-09T13:00:00+00:00,0.8708900000000002,0.8709500000000002,0.8702500000000002,0.8702900000000002,13646
2026-04-09T14:00:00+00:00,0.8702900000000002,0.8709100000000002,0.8700900000000003,0.8709000000000002,16680
2026-04-09T15:00:00+00:00,0.8709000000000002,0.8712300000000002,0.8705500000000002,0.8706700000000002,21136
2026-04-09T16:00:00+00:00,0.8706700000000002,0.8710100000000002,0.8703200000000002,0.8708800000000002,11294
2026-04-09T17:00:00+00:00,0.8708800000000002,0.8712000000000002,0.8706100000000002,0.8707200000000002,9250
2026-04-09T18:00:00+00:00,0.8707200000000002,0.8709500000000002,0.8706400000000002,0.8707900000000002,12292
2026-04-09T19:00:00+00:00,0.8707900000000002,0.8709500000000002,0.8705800000000002,0.8707200000000002,7260
2026-04-09T20:00:00+00:00,0.8707200000000002,0.8707800000000002,0.8703200000000002,0.8703600000000002,3824
2026-04-09T21:00:00+00:00,0.8703600000000002,0.8708300000000002,0.8697700000000002,0.8707500000000002,6398
2026-04-09T22:00:00+00:00,0.8707500000000002,0.8709100000000002,0.8706400000000002,0.8707500000000002,1798
2026-04-09T23:00:00+00:00,0.8707500000000002,0.8707900000000002,0.8703200000000002,0.8704500000000002,2377
2026-04-10T00:00:00+00:00,0.8704500000000002,0.8706400000000002,0.8703700000000002,0.8704300000000001,4856
2026-04-10T01:00:00+00:00,0.8704300000000001,0.8707600000000002,0.8704300000000001,0.8705400000000002,4803
2026-04-10T02:00:00+00:00,0.8705400000000002,0.8707900000000002,0.8705300000000002,0.8707400000000002,4193
2026-04-10T03:00:00+00:00,0.8707400000000002,0.8710800000000002,0.8706700000000002,0.8710500000000002,2988
2026-04-10T04:00:00+00:00,0.8710500000000002,0.8711000000000002,0.8709100000000002,0.8710100000000002,2726
2026-04-10T05:00:00+00:00,0.8710100000000002,0.8711900000000002,0.8709300000000002,0.8709700000000002,3438
2026-04-10T06:00:00+00:00,0.8709700000000002,0.8711100000000002,0.8706300000000002,0.8707300000000002,6573
2026-04-10T07:00:00+00:00,0.8707300000000002,0.8707600000000002,0.8702100000000002,0.8706800000000002,6633
2026-04-10T08:00:00+00:00,0.8706800000000002,0.8707700000000002,0.8704100000000002,0.8705900000000002,6794
2026-04-10T09:00:00+00:00,0.8705900000000002,0.8714800000000003,0.8705800000000002,0.8712900000000002,11036
2026-04-10T10:00:00+00:00,0.8712900000000002,0.8716400000000002,0.8709700000000002,0.8715700000000002,6649
2026-04-10T11:00:00+00:00,0.8715700000000002,0.8717600000000002,0.8710900000000003,0.8711600000000002,6049
2026-04-10T12:00:00+00:00,0.8711600000000002,0.8712200000000002,0.8695600000000002,0.8707700000000002,12784
2026-04-10T13:00:00+00:00,0.8707700000000002,0.8711900000000002,0.8704400000000002,0.8709800000000002,12907
2026-04-10T14:00:00+00:00,0.8709800000000002,0.8715300000000002,0.8706000000000002,0.8711100000000002,15724
2026-04-10T15:00:00+00:00,0.8711100000000002,0.8713000000000002,0.8706700000000002,0.8708900000000002,12816
2026-04-10T16:00:00+00:00,0.8708900000000002,0.8712100000000002,0.8706100000000002,0.8708700000000003,9229
2026-04-10T17:00:00+00:00,0.8708700000000003,0.8710500000000002,0.8707000000000003,0.8709900000000002,6114
2026-04-10T18:00:00+00:00,0.8709900000000002,0.8710600000000002,0.8707700000000002,0.8708500000000002,7235
2026-04-10T19:00:00+00:00,0.8708500000000002,0.8708500000000002,0.8705700000000002,0.8706200000000002,5181
2026-04-10T20:00:00+00:00,0.8706200000000002,0.8710200000000002,0.8699200000000002,0.8706700000000003,4514.446888852405
2026-04-12T21:00:00+00:00,0.8706700000000003,0.8706700000000003,0.8693800000000003,0.8693800000000003,2498.771048252912
2026-04-12T22:00:00+00:00,0.8693800000000003,0.8710800000000003,0.8693800000000003,0.8708400000000003,8246
2026-04-12T23:00:00+00:00,0.8708400000000003,0.8713200000000003,0.8707900000000003,0.8710900000000004,4715
2026-04-13T00:00:00+00:00,0.8710900000000004,0.8716900000000003,0.8710700000000003,0.8715200000000003,5870
2026-04-13T01:00:00+00:00,0.8715200000000003,0.8715300000000004,0.8711400000000004,0.8713900000000003,5966
2026-04-13T02:00:00+00:00,0.8713900000000003,0.8715900000000003,0.8713700000000003,0.8714700000000003,3506
2026-04-13T03:00:00+00:00,0.8714700000000003,0.8716000000000003,0.8714200000000003,0.8714200000000003,3145
2026-04-13T04:00:00+00:00,0.8714200000000003,0.8714700000000003,0.8712400000000003,0.8712700000000003,3167
2026-04-13T05:00:00+00:00,0.8712700000000003,0.8714600000000003,0.8711800000000003,0.8713100000000004,4074
2026-04-13T06:00:00+00:00,0.8713100000000004,0.8713800000000003,0.8705700000000003,0.8707500000000004,8779
2026-04-13T07:00:00+00:00,0.8707500000000004,0.8709700000000004,0.8702500000000003,0.8703300000000003,8264
2026-04-13T08:00:00+00:00,0.8703300000000003,0.8703900000000003,0.8697000000000004,0.8697500000000004,6975
2026-04-13T09:00:00+00:00,0.8697500000000004,0.8699000000000003,0.8695900000000003,0.8697000000000004,5391
2026-04-13T10:00:00+00:00,0.8697000000000004,0.8700500000000003,0.8696400000000003,0.8698700000000004,4828
2026-04-13T11:00:00+00:00,0.8698700000000004,0.8702700000000003,0.8695900000000003,0.8700200000000003,7846
2026-04-13T12:00:00+00:00,0.8700200000000003,0.8702700000000003,0.8698500000000003,0.8701500000000003,9027
2026-04-13T13:00:00+00:00,0.8701500000000003,0.8701700000000003,0.8691300000000003,0.8696400000000003,12337
2026-04-13T14:00:00+00:00,0.8696400000000003,0.8700100000000003,0.8690900000000004,0.8694400000000003,14785
2026-04-13T15:00:00+00:00,0.8694400000000003,0.8697800000000003,0.8693100000000004,0.8695600000000003,11766
2026-04-13T16:00:00+00:00,0.8695600000000003,0.8697700000000003,0.8693300000000003,0.8696800000000003,13727
2026-04-13T17:00:00+00:00,0.8696800000000003,0.8698500000000003,0.8693100000000004,0.8693600000000004,8321
2026-04-13T18:00:00+00:00,0.8693600000000004,0.8705500000000003,0.8693500000000003,0.8704200000000003,9524
2026-04-13T19:00:00+00:00,0.8704200000000003,0.8704800000000004,0.8700600000000003,0.8702700000000003,6542
2026-04-13T20:00:00+00:00,0.8702700000000003,0.8703500000000003,0.8699700000000004,0.8699700000000004,3914
2026-04-13T21:00:00+00:00,0.8699700000000004,0.8701100000000003,0.8695000000000003,0.8698700000000004,2120
2026-04-13T22:00:00+00:00,0.8698700000000004,0.8702000000000003,0.8697800000000003,0.8699900000000003,1543
2026-04-13T23:00:00+00:00,0.8699900000000003,0.8701500000000003,0.8698800000000003,0.8701000000000003,2204
2026-04-14T00:00:00+00:00,0.8701000000000003,0.8702600000000004,0.8699800000000003,0.8700900000000004,4739
2026-04-14T01:00:00+00:00,0.8700900000000004,0.8704300000000003,0.8700800000000003,0.8702100000000003,4703
2026-04-14T02:00:00+00:00,0.8702100000000003,0.8702700000000003,0.8700300000000003,0.8700600000000003,3498
2026-04-14T03:00:00+00:00,0.8700600000000003,0.8701800000000003,0.8699200000000004,0.8700400000000003,3562
2026-04-14T04:00:00+00:00,0.8700400000000003,0.8700800000000003,0.8698300000000003,0.8698500000000003,2490
2026-04-14T05:00:00+00:00,0.8698500000000003,0.8700300000000003,0.8697800000000003,0.8698100000000003,4436
2026-04-14T06:00:00+00:00,0.8698100000000003,0.8705000000000003,0.8695900000000003,0.8704400000000003,8593
2026-04-14T07:00:00+00:00,0.8704400000000003,0.8708700000000004,0.8699700000000004,0.8700100000000003,13551
2026-04-14T08:00:00+00:00,0.8700100000000003,0.8701700000000003,0.8697500000000004,0.8698300000000003,8992
2026-04-14T09:00:00+00:00,0.8698300000000003,0.8701100000000003,0.8696600000000003,0.8699500000000003,7160
2026-04-14T10:00:00+00:00,0.8699500000000003,0.8703000000000003,0.8693500000000003,0.8694700000000003,8298
2026-04-14T11:00:00+00:00,0.8694700000000003,0.8695100000000003,0.8687200000000003,0.8688700000000004,8644
2026-04-14T12:00:00+00:00,0.8688700000000004,0.8689000000000003,0.8679300000000003,0.8682900000000003,13242
2026-04-14T13:00:00+00:00,0.8682900000000003,0.8687200000000003,0.8681200000000003,0.8681800000000003,13851
2026-04-14T14:00:00+00:00,0.8681800000000003,0.8687100000000003,0.8680900000000004,0.8685800000000004,14448
2026-04-14T15:00:00+00:00,0.8685800000000004,0.8690000000000003,0.8684400000000003,0.8688800000000003,13215
2026-04-14T16:00:00+00:00,0.8688800000000003,0.8690500000000003,0.8687200000000003,0.8687600000000003,7057
2026-04-14T17:00:00+00:00,0.8687600000000003,0.8690100000000003,0.8686000000000003,0.8687000000000004,5469
2026-04-14T18:00:00+00:00,0.8687000000000004,0.8690500000000003,0.8685900000000003,0.8689400000000003,7468
2026-04-14T19:00:00+00:00,0.8689400000000003,0.8690300000000003,0.8687500000000004,0.8689000000000003,4615
2026-04-14T20:00:00+00:00,0.8689000000000003,0.8690300000000003,0.8686900000000003,0.8687600000000003,3012
2026-04-14T21:00:00+00:00,0.8687600000000003,0.8689100000000003,0.8682500000000003,0.8684200000000003,3659
2026-04-14T22:00:00+00:00,0.8684200000000003,0.8689600000000003,0.8684200000000003,0.8687400000000003,1654
2026-04-14T23:00:00+00:00,0.8687400000000003,0.8688500000000003,0.8685100000000003,0.8686400000000003,3318
2026-04-15T00:00:00+00:00,0.8686400000000003,0.8686700000000003,0.8682700000000003,0.8683800000000003,5402
2026-04-15T01:00:00+00:00,0.8683800000000003,0.8686200000000003,0.8682300000000003,0.8684000000000003,6310
2026-04-15T02:00:00+00:00,0.8684000000000003,0.8684700000000003,0.8681900000000004,0.8684700000000003,4137
2026-04-15T03:00:00+00:00,0.8684700000000003,0.8685200000000003,0.8683100000000004,0.8683800000000003,3413
2026-04-15T04:00:00+00:00,0.8683800000000003,0.8684800000000004,0.8683400000000003,0.8683600000000004,2523
2026-04-15T05:00:00+00:00,0.8683600000000004,0.8687400000000003,0.8682600000000004,0.8687300000000003,5504
2026-04-15T06:00:00+00:00,0.8687300000000003,0.8689900000000003,0.8684700000000003,0.8685400000000003,6773
2026-04-15T07:00:00+00:00,0.8685400000000003,0.8689000000000003,0.8681600000000003,0.8686500000000004,9133
2026-04-15T08:00:00+00:00,0.8686500000000004,0.8690300000000003,0.8686000000000003,0.8686200000000003,7083
2026-04-15T09:00:00+00:00,0.8686200000000003,0.8689200000000004,0.8683900000000003,0.8685300000000004,10107
2026-04-15T10:00:00+00:00,0.8685300000000004,0.8688700000000004,0.8684900000000003,0.8687600000000003,9393
2026-04-15T11:00:00+00:00,0.8687600000000003,0.8689800000000003,0.8685700000000003,0.8687900000000003,8746
2026-04-15T12:00:00+00:00,0.8687900000000003,0.8693000000000003,0.8687700000000003,0.8691200000000003,8597
2026-04-15T13:00:00+00:00,0.8691200000000003,0.8692100000000003,0.8687300000000003,0.8689500000000003,12072
2026-04-15T14:00:00+00:00,0.8689500000000003,0.8691200000000003,0.8684000000000003,0.8689000000000003,12600
2026-04-15T15:00:00+00:00,0.8689000000000003,0.8692900000000003,0.8687600000000003,0.8691000000000003,12177
2026-04-15T16:00:00+00:00,0.8691000000000003,0.8691600000000003,0.8688000000000003,0.8688800000000003,8746
2026-04-15T17:00:00+00:00,0.8688800000000003,0.8690400000000003,0.8686500000000004,0.8686700000000003,5831
2026-04-15T18:00:00+00:00,0.8686700000000003,0.8689300000000003,0.8686600000000003,0.8687900000000003,7396
2026-04-15T19:00:00+00:00,0.8687900000000003,0.8691500000000003,0.8687700000000003,0.8690200000000003,5388
2026-04-15T20:00:00+00:00,0.8690200000000003,0.8696400000000003,0.8689400000000003,0.8694500000000003,4364
2026-04-15T21:00:00+00:00,0.8694500000000003,0.8696400000000003,0.8687000000000004,0.8692400000000003,4484.138640939989
2026-04-15T22:00:00+00:00,0.8692400000000003,0.8697000000000004,0.8692400000000003,0.8694100000000003,1327
2026-04-15T23:00:00+00:00,0.8694100000000003,0.8694800000000004,0.8693100000000004,0.8693600000000004,1476.301511916516
2026-04-16T00:00:00+00:00,0.8693600000000004,0.8694400000000003,0.8692300000000003,0.8693400000000003,3160
2026-04-16T01:00:00+00:00,0.8693400000000003,0.8694200000000003,0.8692400000000003,0.8693300000000004,5137
2026-04-16T02:00:00+00:00,0.8693300000000004,0.8694700000000003,0.8691600000000004,0.8692600000000004,4782
2026-04-16T03:00:00+00:00,0.8692600000000004,0.8693300000000004,0.8690500000000003,0.8692600000000004,4602
2026-04-16T04:00:00+00:00,0.8692600000000004,0.8693700000000003,0.8691800000000003,0.8693300000000004,2718
2026-04-16T05:00:00+00:00,0.8693300000000004,0.8696200000000003,0.8692800000000004,0.8692800000000004,4125
2026-04-16T06:00:00+00:00,0.8692800000000004,0.8692800000000004,0.8686600000000003,0.8689200000000004,7074
2026-04-16T07:00:00+00:00,0.8689200000000004,0.8693900000000003,0.8686300000000003,0.8691600000000004,8881
2026-04-16T08:00:00+00:00,0.8691600000000004,0.8693500000000003,0.8686900000000003,0.8692700000000003,8239
2026-04-16T09:00:00+00:00,0.8692700000000003,0.8697000000000004,0.8691300000000003,0.8695500000000004,7429
2026-04-16T10:00:00+00:00,0.8695500000000004,0.8696800000000003,0.8691400000000004,0.8692400000000003,5917
2026-04-16T11:00:00+00:00,0.8692400000000003,0.8695400000000003,0.8691100000000004,0.8693800000000004,7424
2026-04-16T12:00:00+00:00,0.8693800000000004,0.8695100000000003,0.8691300000000003,0.8691800000000003,8936
2026-04-16T13:00:00+00:00,0.8691800000000003,0.8693300000000004,0.8684900000000003,0.8688500000000003,12650
2026-04-16T14:00:00+00:00,0.8688500000000003,0.8707600000000003,0.8686900000000003,0.8700500000000003,16782
2026-04-16T15:00:00+00:00,0.8700500000000003,0.8702700000000003,0.8696600000000003,0.8697900000000003,13661
2026-04-16T16:00:00+00:00,0.8697900000000003,0.8701000000000003,0.8696000000000004,0.8698400000000003,10181
2026-04-16T17:00:00+00:00,0.8698400000000003,0.8701100000000004,0.8697000000000004,0.8700200000000003,6914
2026-04-16T18:00:00+00:00,0.8700200000000003,0.8702600000000004,0.8699300000000003,0.8700400000000004,7775
2026-04-16T19:00:00+00:00,0.8700400000000004,0.8704200000000003,0.8699800000000003,0.8702700000000003,4614
2026-04-16T20:00:00+00:00,0.8702700000000003,0.8706200000000003,0.8702000000000003,0.8704400000000003,3146
2026-04-16T21:00:00+00:00,0.8704400000000003,0.8704400000000003,0.8697200000000004,0.8700200000000003,2865
2026-04-16T22:00:00+00:00,0.8700200000000003,0.8705400000000003,0.8700200000000003,0.8703900000000003,1123
2026-04-16T23:00:00+00:00,0.8703900000000003,0.8705600000000003,0.8703500000000003,0.8705100000000003,1953
2026-04-17T00:00:00+00:00,0.8705100000000003,0.8707200000000004,0.8704900000000003,0.8706600000000003,4539
2026-04-17T01:00:00+00:00,0.8706600000000003,0.8707800000000003,0.8705700000000003,0.8707200000000004,4976
2026-04-17T02:00:00+00:00,0.8707200000000004,0.8707400000000003,0.8705700000000003,0.8706100000000003,3121
2026-04-17T03:00:00+00:00,0.8706100000000003,0.8708200000000004,0.8705900000000003,0.8706900000000003,2986
2026-04-17T04:00:00+00:00,0.8706900000000003,0.8708800000000003,0.8706600000000003,0.8708300000000003,2705
2026-04-17T05:00:00+00:00,0.8708300000000003,0.8710900000000004,0.8708100000000003,0.8709000000000003,3801
2026-04-17T06:00:00+00:00,0.8709000000000003,0.8714800000000004,0.8709000000000003,0.8713500000000003,6860
2026-04-17T07:00:00+00:00,0.8713500000000003,0.8713700000000003,0.8706000000000004,0.8706500000000004,8112
2026-04-17T08:00:00+00:00,0.8706500000000004,0.8711900000000004,0.8706100000000003,0.8711200000000003,6743
2026-04-17T09:00:00+00:00,0.8711200000000003,0.8712600000000004,0.8708800000000003,0.8710500000000003,6916
2026-04-17T10:00:00+00:00,0.8710500000000003,0.8718300000000003,0.8708600000000003,0.8716600000000003,5506
2026-04-17T11:00:00+00:00,0.8716600000000003,0.8717900000000003,0.8709800000000003,0.8712000000000003,6549
2026-04-17T12:00:00+00:00,0.8712000000000003,0.8714700000000003,0.8704400000000003,0.8708000000000004,17250
2026-04-17T13:00:00+00:00,0.8708000000000004,0.8716200000000003,0.8707500000000004,0.8713000000000003,26754
2026-04-17T14:00:00+00:00,0.8713000000000003,0.8713700000000003,0.8698700000000004,0.8701000000000003,20749
2026-04-17T15:00:00+00:00,0.8701000000000003,0.8705600000000003,0.8699700000000004,0.8701200000000003,19448
2026-04-17T16:00:00+00:00,0.8701200000000003,0.8703400000000003,0.8698300000000003,0.8700200000000003,10907
2026-04-17T17:00:00+00:00,0.8700200000000003,0.8700900000000004,0.8696700000000003,0.8699000000000003,11594
2026-04-17T18:00:00+00:00,0.8699000000000003,0.8699600000000003,0.8695300000000004,0.8698200000000004,10656
2026-04-17T19:00:00+00:00,0.8698200000000004,0.8701100000000004,0.8696800000000003,0.8700300000000003,8828
2026-04-17T20:00:00+00:00,0.8700300000000003,0.8701600000000004,0.8689700000000004,0.8693100000000004,6174.992245750074
2026-04-19T21:00:00+00:00,0.8693100000000004,0.8698700000000004,0.8689600000000003,0.8692700000000003,1277.8289290714404
2026-04-19T22:00:00+00:00,0.8692700000000003,0.8701900000000002,0.8692400000000002,0.8699600000000003,6041
2026-04-19T23:00:00+00:00,0.8699600000000003,0.8703900000000003,0.8698800000000003,0.8702200000000003,4927
2026-04-20T00:00:00+00:00,0.8702200000000003,0.8708200000000003,0.8701900000000002,0.8705700000000003,5791
2026-04-20T01:00:00+00:00,0.8705700000000003,0.8707200000000003,0.8705300000000002,0.8705700000000003,4977
2026-04-20T02:00:00+00:00,0.8705700000000003,0.8706100000000003,0.8702800000000003,0.8703000000000003,3905
2026-04-20T03:00:00+00:00,0.8703000000000003,0.8703400000000003,0.8702100000000003,0.8702900000000002,3124
2026-04-20T04:00:00+00:00,0.8702900000000002,0.8703800000000003,0.8702300000000003,0.8702600000000003,2815
2026-04-20T05:00:00+00:00,0.8702600000000003,0.8707300000000002,0.8702600000000003,0.8707000000000003,4436
2026-04-20T06:00:00+00:00,0.8707000000000003,0.8711600000000003,0.8705600000000003,0.8706600000000003,8599
2026-04-20T07:00:00+00:00,0.8706600000000003,0.8707900000000003,0.8700900000000003,0.8704400000000003,10171
2026-04-20T08:00:00+00:00,0.8704400000000003,0.8711300000000003,0.8703500000000003,0.8709100000000003,8611
2026-04-20T09:00:00+00:00,0.8709100000000003,0.8709700000000002,0.8698600000000003,0.8698900000000003,7961
2026-04-20T10:00:00+00:00,0.8698900000000003,0.8703500000000003,0.8698600000000003,0.8703400000000003,6726
2026-04-20T11:00:00+00:00,0.8703400000000003,0.8704700000000003,0.8696800000000002,0.8699500000000003,8816
2026-04-20T12:00:00+00:00,0.8699500000000003,0.8703500000000003,0.8699000000000002,0.8700000000000003,9045
2026-04-20T13:00:00+00:00,0.8700000000000003,0.8702900000000002,0.8696400000000003,0.8696600000000003,13787
2026-04-20T14:00:00+00:00,0.8696600000000003,0.8704300000000003,0.8696100000000003,0.8700300000000003,15162
2026-04-20T15:00:00+00:00,0.8700300000000003,0.8702600000000003,0.8698500000000002,0.8698600000000003,15515
2026-04-20T16:00:00+00:00,0.8698600000000003,0.8702000000000003,0.8698100000000003,0.8701200000000002,7881
2026-04-20T17:00:00+00:00,0.8701200000000002,0.8703000000000003,0.8700200000000002,0.8701700000000003,5259
2026-04-20T18:00:00+00:00,0.8701700000000003,0.8703000000000003,0.8699000000000002,0.8700800000000003,7578
2026-04-20T19:00:00+00:00,0.8700800000000003,0.8705300000000002,0.8700400000000003,0.8704900000000003,4178
2026-04-20T20:00:00+00:00,0.8704900000000003,0.8706600000000003,0.8701900000000002,0.8704500000000003,3951
2026-04-20T21:00:00+00:00,0.8704500000000003,0.8704500000000003,0.8696300000000002,0.8703100000000003,2888.6052410130824
2026-04-20T22:00:00+00:00,0.8703100000000003,0.8705400000000003,0.8701900000000002,0.8704100000000002,1607
2026-04-20T23:00:00+00:00,0.8704100000000002,0.8704600000000002,0.8702900000000002,0.8704300000000003,1691
2026-04-21T00:00:00+00:00,0.8704300000000003,0.8708300000000003,0.8704100000000002,0.8707600000000003,4034
2026-04-21T01:00:00+00:00,0.8707600000000003,0.8708500000000002,0.8705200000000003,0.8705700000000003,4617
2026-04-21T02:00:00+00:00,0.8705700000000003,0.8707500000000002,0.8704500000000003,0.8707100000000003,2747
2026-04-21T03:00:00+00:00,0.8707100000000003,0.8708600000000003,0.8705900000000003,0.8706500000000003,2933
2026-04-21T04:00:00+00:00,0.8706500000000003,0.8708500000000002,0.8706200000000003,0.8708300000000003,2184
2026-04-21T05:00:00+00:00,0.8708300000000003,0.8709300000000003,0.8705700000000003,0.8708400000000003,4459
2026-04-21T06:00:00+00:00,0.8708400000000003,0.8708900000000003,0.8699500000000003,0.8704600000000002,7204
2026-04-21T07:00:00+00:00,0.8704600000000002,0.8706800000000002,0.8702100000000003,0.8704900000000003,9299
2026-04-21T08:00:00+00:00,0.8704900000000003,0.8715700000000003,0.8703800000000003,0.8707900000000003,13210
2026-04-21T09:00:00+00:00,0.8707900000000003,0.8708900000000003,0.8702000000000003,0.8704600000000002,6817
2026-04-21T10:00:00+00:00,0.8704600000000002,0.8705600000000003,0.8699800000000003,0.8700300000000003,5928
2026-04-21T11:00:00+00:00,0.8700300000000003,0.8700900000000003,0.8697200000000003,0.8699800000000003,8447
2026-04-21T12:00:00+00:00,0.8699800000000003,0.8700300000000003,0.8691500000000003,0.8696700000000003,10849
2026-04-21T13:00:00+00:00,0.8696700000000003,0.8698900000000003,0.8694300000000003,0.8694700000000003,11042
2026-04-21T14:00:00+00:00,0.8694700000000003,0.8698200000000003,0.8689500000000003,0.8695000000000003,15422
2026-04-21T15:00:00+00:00,0.8695000000000003,0.8696200000000003,0.8691800000000003,0.8693500000000003,15291
2026-04-21T16:00:00+00:00,0.8693500000000003,0.8694900000000003,0.8692700000000003,0.8694300000000003,9036
2026-04-21T17:00:00+00:00,0.8694300000000003,0.8694700000000003,0.8689300000000003,0.8690800000000003,16788
2026-04-21T18:00:00+00:00,0.8690800000000003,0.8695000000000003,0.8689800000000003,0.8690200000000002,11950
2026-04-21T19:00:00+00:00,0.8690200000000002,0.8694700000000003,0.8689700000000002,0.8692900000000002,14282
2026-04-21T20:00:00+00:00,0.8692900000000002,0.8696200000000003,0.8687000000000002,0.8687000000000002,11164
2026-04-21T21:00:00+00:00,0.8687000000000002,0.8692500000000003,0.8682400000000002,0.8688900000000003,3656
2026-04-21T22:00:00+00:00,0.8688900000000003,0.8691200000000002,0.8688300000000003,0.8689500000000003,1797
2026-04-21T23:00:00+00:00,0.8689500000000003,0.8689500000000003,0.8688000000000002,0.8688800000000003,1915.0757711506462
2026-04-22T00:00:00+00:00,0.8688800000000003,0.8688900000000003,0.8685200000000003,0.8688200000000003,6003
2026-04-22T01:00:00+00:00,0.8688200000000003,0.8689800000000003,0.8686900000000003,0.8688200000000003,4758
2026-04-22T02:00:00+00:00,0.8688200000000003,0.8689400000000003,0.8687600000000003,0.8688200000000003,3624
2026-04-22T03:00:00+00:00,0.8688200000000003,0.8688800000000003,0.8685500000000003,0.8686100000000003,3212
2026-04-22T04:00:00+00:00,0.8686100000000003,0.8687200000000003,0.8685300000000002,0.8686600000000003,3354
2026-04-22T05:00:00+00:00,0.8686600000000003,0.8688100000000003,0.8683200000000003,0.8683200000000003,6110
2026-04-22T06:00:00+00:00,0.8683200000000003,0.8688800000000003,0.8682900000000002,0.8687800000000003,6252
2026-04-22T07:00:00+00:00,0.8687800000000003,0.8690100000000003,0.8685300000000002,0.8686000000000003,7346
2026-04-22T08:00:00+00:00,0.8686000000000003,0.8687000000000002,0.8681600000000003,0.8683600000000002,7609
2026-04-22T09:00:00+00:00,0.8683600000000002,0.8684600000000002,0.8680200000000002,0.8684400000000003,6231
2026-04-22T10:00:00+00:00,0.8684400000000003,0.8688000000000002,0.8683900000000003,0.8686500000000003,5477
2026-04-22T11:00:00+00:00,0.8686500000000003,0.8689200000000002,0.8685000000000003,0.8686000000000003,9101
2026-04-22T12:00:00+00:00,0.8686000000000003,0.8687100000000003,0.8683900000000003,0.8686300000000002,8926
2026-04-22T13:00:00+00:00,0.8686300000000002,0.8686600000000003,0.8675400000000003,0.8680500000000003,14531
2026-04-22T14:00:00+00:00,0.8680500000000003,0.8682400000000002,0.8673300000000003,0.8676400000000003,15506
2026-04-22T15:00:00+00:00,0.8676400000000003,0.8677800000000003,0.8669400000000003,0.8669800000000003,11404
2026-04-22T16:00:00+00:00,0.8669800000000003,0.8673600000000002,0.8668100000000003,0.8668700000000003,8103
2026-04-22T17:00:00+00:00,0.8668700000000003,0.8668700000000003,0.8662400000000002,0.8662900000000002,6986
2026-04-22T18:00:00+00:00,0.8662900000000002,0.8665600000000003,0.8662700000000003,0.8665300000000002,5372
2026-04-22T19:00:00+00:00,0.8665300000000002,0.8666300000000002,0.8662900000000002,0.8664000000000003,5746
2026-04-22T20:00:00+00:00,0.8664000000000003,0.8666200000000003,0.8662700000000003,0.8662900000000002,3841
2026-04-22T21:00:00+00:00,0.8662900000000002,0.8664300000000003,0.8657800000000003,0.8663200000000003,1555
2026-04-22T22:00:00+00:00,0.8663200000000003,0.8666300000000002,0.8663000000000003,0.8665800000000002,890
2026-04-22T23:00:00+00:00,0.8665800000000002,0.8666600000000003,0.8665100000000003,0.8666300000000003,1440.26880347134
2026-04-23T00:00:00+00:00,0.8666300000000003,0.8671200000000003,0.8664900000000003,0.8665100000000003,11678
2026-04-23T01:00:00+00:00,0.8665100000000003,0.8669300000000003,0.8664700000000003,0.8669000000000003,5692
2026-04-23T02:00:00+00:00,0.8669000000000003,0.8670400000000004,0.8667100000000003,0.8668500000000003,6349
2026-04-23T03:00:00+00:00,0.8668500000000003,0.8670800000000003,0.8667900000000003,0.8668400000000003,5916
2026-04-23T04:00:00+00:00,0.8668400000000003,0.8669900000000004,0.8668100000000003,0.8668200000000004,3928
2026-04-23T05:00:00+00:00,0.8668200000000004,0.8671700000000003,0.8668100000000003,0.8671400000000004,4198
2026-04-23T06:00:00+00:00,0.8671400000000004,0.8674300000000004,0.8668400000000003,0.8670100000000003,6028
2026-04-23T07:00:00+00:00,0.8670100000000003,0.8672300000000003,0.8664300000000004,0.8670600000000003,10007
2026-04-23T08:00:00+00:00,0.8670600000000003,0.8673100000000004,0.8656500000000004,0.8660300000000003,9884
2026-04-23T09:00:00+00:00,0.8660300000000003,0.8663700000000003,0.8654100000000003,0.8657500000000004,9002
2026-04-23T10:00:00+00:00,0.8657500000000004,0.8659000000000003,0.8651500000000003,0.8658700000000004,8303
2026-04-23T11:00:00+00:00,0.8658700000000004,0.8658800000000003,0.8649000000000003,0.8651400000000004,9521
2026-04-23T12:00:00+00:00,0.8651400000000004,0.8664500000000003,0.8651300000000003,0.8664000000000003,13985
2026-04-23T13:00:00+00:00,0.8664000000000003,0.8665500000000004,0.8654600000000003,0.8656600000000003,13082
2026-04-23T14:00:00+00:00,0.8656600000000003,0.8664100000000003,0.8656600000000003,0.8663500000000003,13803
2026-04-23T15:00:00+00:00,0.8663500000000003,0.8670600000000003,0.8663100000000004,0.8668800000000003,11729
2026-04-23T16:00:00+00:00,0.8668800000000003,0.8671400000000004,0.8668500000000003,0.8669200000000004,7751
2026-04-23T17:00:00+00:00,0.8669200000000004,0.8673600000000004,0.8667700000000004,0.8671100000000004,22898
2026-04-23T18:00:00+00:00,0.8671100000000004,0.8672100000000004,0.8669900000000004,0.8671100000000004,12743
2026-04-23T19:00:00+00:00,0.8671100000000004,0.8673300000000004,0.8670400000000004,0.8673000000000003,8485
2026-04-23T20:00:00+00:00,0.8673000000000003,0.8673600000000004,0.8670100000000003,0.8670200000000003,4237
2026-04-23T21:00:00+00:00,0.8670200000000003,0.8672500000000003,0.8662700000000003,0.8668600000000003,5918
2026-04-23T22:00:00+00:00,0.8668600000000003,0.8673300000000004,0.8668600000000003,0.8672000000000003,1366.5280298321939
2026-04-23T23:00:00+00:00,0.8672000000000003,0.8672500000000003,0.8670700000000003,0.8671500000000003,1675
2026-04-24T00:00:00+00:00,0.8671500000000003,0.8672500000000003,0.8670500000000003,0.8671500000000003,5048
2026-04-24T01:00:00+00:00,0.8671500000000003,0.8673000000000003,0.8670800000000003,0.8671000000000003,5339
2026-04-24T02:00:00+00:00,0.8671000000000003,0.8672100000000003,0.8670500000000003,0.8671800000000003,4064
2026-04-24T03:00:00+00:00,0.8671800000000003,0.8673200000000003,0.8670900000000004,0.8671300000000003,4349
2026-04-24T04:00:00+00:00,0.8671300000000003,0.8672800000000003,0.8670400000000003,0.8670500000000003,3881
2026-04-24T05:00:00+00:00,0.8670500000000003,0.8671000000000003,0.8669800000000003,0.8670100000000003,3564
2026-04-24T06:00:00+00:00,0.8670100000000003,0.8672500000000003,0.8668500000000003,0.8669100000000003,5285
2026-04-24T07:00:00+00:00,0.8669100000000003,0.8670800000000003,0.8667000000000004,0.8670100000000003,5878
2026-04-24T08:00:00+00:00,0.8670100000000003,0.8670900000000004,0.8667300000000003,0.8669400000000003,8479
2026-04-24T09:00:00+00:00,0.8669400000000003,0.8669900000000003,0.8662600000000003,0.8662900000000003,6408
2026-04-24T10:00:00+00:00,0.8662900000000003,0.8671800000000003,0.8662600000000003,0.8669300000000003,7418
2026-04-24T11:00:00+00:00,0.8669300000000003,0.8678200000000003,0.8668300000000003,0.8676000000000003,14689
2026-04-24T12:00:00+00:00,0.8676000000000003,0.8676500000000003,0.8666800000000003,0.8667500000000004,11945
2026-04-24T13:00:00+00:00,0.8667500000000004,0.8672700000000003,0.8667000000000004,0.8669000000000003,13578
2026-04-24T14:00:00+00:00,0.8669000000000003,0.8670000000000003,0.8663900000000003,0.8666300000000003,15669
2026-04-24T15:00:00+00:00,0.8666300000000003,0.8669300000000003,0.8663400000000003,0.8665000000000003,14162
2026-04-24T16:00:00+00:00,0.8665000000000003,0.8667000000000004,0.8661100000000003,0.8662700000000003,9222
2026-04-24T17:00:00+00:00,0.8662700000000003,0.8664100000000003,0.8658400000000003,0.8659500000000003,7760
2026-04-24T18:00:00+00:00,0.8659500000000003,0.8659900000000003,0.8656100000000003,0.8656900000000003,5420
2026-04-24T19:00:00+00:00,0.8656900000000003,0.8657600000000003,0.8654000000000003,0.8654800000000004,5392
2026-04-24T20:00:00+00:00,0.8654800000000004,0.8656900000000003,0.8651500000000003,0.8653400000000002,4645.658707047175
2026-04-26T21:00:00+00:00,0.8653400000000002,0.8666900000000002,0.8653400000000002,0.86651,946.477823536145
2026-04-26T22:00:00+00:00,0.86651,0.8668800000000001,0.86646,0.86684,1989.1412362404742
2026-04-26T23:00:00+00:00,0.86684,0.86685,0.86668,0.86673,5147.859003397509
2026-04-27T00:00:00+00:00,0.86673,0.86709,0.86672,0.867,9799
2026-04-27T01:00:00+00:00,0.867,0.86709,0.86678,0.8668100000000001,13695
2026-04-27T02:00:00+00:00,0.8668100000000001,0.86687,0.8666400000000001,0.8667100000000001,12724
2026-04-27T03:00:00+00:00,0.8667100000000001,0.86675,0.86641,0.86653,12195
2026-04-27T04:00:00+00:00,0.86653,0.8666400000000001,0.8664900000000001,0.86658,9122
2026-04-27T05:00:00+00:00,0.86658,0.86682,0.86655,0.8667400000000001,8814
2026-04-27T06:00:00+00:00,0.8667400000000001,0.86712,0.86653,0.86709,13520
2026-04-27T07:00:00+00:00,0.86709,0.8676,0.8669100000000001,0.86756,13445
2026-04-27T08:00:00+00:00,0.86756,0.86765,0.86721,0.8673000000000001,11493
2026-04-27T09:00:00+00:00,0.8673000000000001,0.86738,0.86699,0.8670800000000001,8823
2026-04-27T10:00:00+00:00,0.8670800000000001,0.8671500000000001,0.86661,0.86675,10602
2026-04-27T11:00:00+00:00,0.86675,0.86689,0.8664200000000001,0.8665200000000001,13831
2026-04-27T12:00:00+00:00,0.8665200000000001,0.8674000000000001,0.86628,0.8673700000000001,14291
2026-04-27T13:00:00+00:00,0.8673700000000001,0.8681500000000001,0.86712,0.86727,17664
2026-04-27T14:00:00+00:00,0.86727,0.86728,0.86631,0.86633,16056
2026-04-27T15:00:00+00:00,0.86633,0.86658,0.8661300000000001,0.86619,14390
2026-04-27T16:00:00+00:00,0.86619,0.86656,0.86606,0.8663700000000001,11886
2026-04-27T17:00:00+00:00,0.8663700000000001,0.86682,0.8663700000000001,0.86644,15838
2026-04-27T18:00:00+00:00,0.86644,0.8667100000000001,0.8663500000000001,0.8666,9858
2026-04-27T19:00:00+00:00,0.8666,0.8667400000000001,0.86655,0.8666900000000001,5885
2026-04-27T20:00:00+00:00,0.8666900000000001,0.86678,0.8664900000000001,0.8664900000000001,15626
2026-04-27T21:00:00+00:00,0.8664900000000001,0.8664900000000001,0.86592,0.8661300000000001,2154.6135196805476
2026-04-27T22:00:00+00:00,0.8661300000000001,0.8666200000000001,0.86611,0.86653,1096
2026-04-27T23:00:00+00:00,0.86653,0.86658,0.86645,0.86648,18680
2026-04-28T00:00:00+00:00,0.86648,0.8666,0.86641,0.8664900000000001,14080
2026-04-28T01:00:00+00:00,0.8664900000000001,0.86667,0.86648,0.86665,14503
2026-04-28T02:00:00+00:00,0.86665,0.86668,0.86641,0.8664200000000001,17253
2026-04-28T03:00:00+00:00,0.8664200000000001,0.8665,0.8660800000000001,0.86614,12605
2026-04-28T04:00:00+00:00,0.86614,0.86631,0.8660800000000001,0.8662000000000001,12748
2026-04-28T05:00:00+00:00,0.8662000000000001,0.86656,0.86617,0.86651,15499
2026-04-28T06:00:00+00:00,0.86651,0.8666200000000001,0.8659,0.8660100000000001,14697
2026-04-28T07:00:00+00:00,0.8660100000000001,0.8664900000000001,0.86595,0.8663700000000001,19444
2026-04-28T08:00:00+00:00,0.8663700000000001,0.86722,0.8663500000000001,0.8670100000000001,16926
2026-04-28T09:00:00+00:00,0.8670100000000001,0.86758,0.86694,0.8672300000000001,16387
2026-04-28T10:00:00+00:00,0.8672300000000001,0.86775,0.867,0.8677100000000001,16618
2026-04-28T11:00:00+00:00,0.8677100000000001,0.86839,0.8674900000000001,0.8679800000000001,19358
2026-04-28T12:00:00+00:00,0.8679800000000001,0.8681300000000001,0.8673200000000001,0.86746,16811
2026-04-28T13:00:00+00:00,0.86746,0.86765,0.86722,0.86726,15568
2026-04-28T14:00:00+00:00,0.86726,0.8676200000000001,0.86697,0.8674200000000001,18652
2026-04-28T15:00:00+00:00,0.8674200000000001,0.8677900000000001,0.86734,0.86748,14548
2026-04-28T16:00:00+00:00,0.86748,0.8676400000000001,0.8669800000000001,0.86704,10250
2026-04-28T17:00:00+00:00,0.86704,0.86724,0.86697,0.86709,8485
2026-04-28T18:00:00+00:00,0.86709,0.86722,0.8669600000000001,0.86697,6717
2026-04-28T19:00:00+00:00,0.86697,0.86704,0.86682,0.8668800000000001,6240
2026-04-28T20:00:00+00:00,0.8668800000000001,0.8670100000000001,0.8668,0.8668800000000001,3625
2026-04-28T21:00:00+00:00,0.8668800000000001,0.8673200000000001,0.86623,0.8667900000000001,1287
2026-04-28T22:00:00+00:00,0.8667900000000001,0.86724,0.86678,0.8670100000000001,1640.004307843826
2026-04-28T23:00:00+00:00,0.8670100000000001,0.86702,0.86692,0.86699,1399
2026-04-29T00:00:00+00:00,0.86699,0.86705,0.8667900000000001,0.86682,5708
2026-04-29T01:00:00+00:00,0.86682,0.8670300000000001,0.8667100000000001,0.8670100000000001,8272
2026-04-29T02:00:00+00:00,0.8670100000000001,0.86716,0.86692,0.86704,5915
2026-04-29T03:00:00+00:00,0.86704,0.86711,0.8669100000000001,0.86694,4437
2026-04-29T04:00:00+00:00,0.86694,0.86699,0.8667400000000001,0.8668100000000001,3785
2026-04-29T05:00:00+00:00,0.8668100000000001,0.867,0.86677,0.8669800000000001,5959
2026-04-29T06:00:00+00:00,0.8669800000000001,0.8673700000000001,0.8669800000000001,0.86722,6286
2026-04-29T07:00:00+00:00,0.86722,0.86763,0.867,0.86728,8040
2026-04-29T08:00:00+00:00,0.86728,0.8673700000000001,0.8669300000000001,0.86728,8838
2026-04-29T09:00:00+00:00,0.86728,0.86755,0.86672,0.86684,8350
2026-04-29T10:00:00+00:00,0.86684,0.86716,0.8667100000000001,0.86716,5897
2026-04-29T11:00:00+00:00,0.86716,0.86755,0.86689,0.8669800000000001,10527
2026-04-29T12:00:00+00:00,0.8669800000000001,0.8671500000000001,0.8667400000000001,0.8671500000000001,12448
2026-04-29T13:00:00+00:00,0.8671500000000001,0.86794,0.86673,0.86782,16356
2026-04-29T14:00:00+00:00,0.86782,0.8679100000000001,0.86702,0.86722,16063
2026-04-29T15:00:00+00:00,0.86722,0.86765,0.86712,0.8675200000000001,15779
2026-04-29T16:00:00+00:00,0.8675200000000001,0.8675400000000001,0.86682,0.8673000000000001,10486
2026-04-29T17:00:00+00:00,0.8673000000000001,0.86744,0.86683,0.86683,8967
2026-04-29T18:00:00+00:00,0.86683,0.86734,0.86663,0.8669600000000001,18604
2026-04-29T19:00:00+00:00,0.8669600000000001,0.86711,0.86677,0.867,8876
2026-04-29T20:00:00+00:00,0.867,0.8670800000000001,0.8666900000000001,0.8670300000000001,6234
2026-04-29T21:00:00+00:00,0.8670300000000001,0.86706,0.86585,0.8665400000000001,13630.456568494266
2026-04-29T22:00:00+00:00,0.8665400000000001,0.8671800000000001,0.8665400000000001,0.86687,3408
2026-04-29T23:00:00+00:00,0.86687,0.8670200000000001,0.86684,0.86689,2722.352589045196
2026-04-30T00:00:00+00:00,0.86689,0.86689,0.8666200000000001,0.8667000000000001,7007
2026-04-30T01:00:00+00:00,0.8667000000000001,0.8668700000000001,0.8665,0.8665500000000002,6784
2026-04-30T02:00:00+00:00,0.8665500000000002,0.8665800000000001,0.8663600000000001,0.8664200000000001,7203
2026-04-30T03:00:00+00:00,0.8664200000000001,0.8665400000000001,0.8662400000000001,0.8663000000000001,5058
2026-04-30T04:00:00+00:00,0.8663000000000001,0.8668600000000001,0.8662600000000001,0.8668200000000001,5771
2026-04-30T05:00:00+00:00,0.8668200000000001,0.8668600000000001,0.8665900000000001,0.8668200000000001,6056
2026-04-30T06:00:00+00:00,0.8668200000000001,0.8671200000000001,0.8663500000000001,0.8667500000000001,10598
2026-04-30T07:00:00+00:00,0.8667500000000001,0.8668300000000001,0.8663200000000001,0.8666000000000001,12947
2026-04-30T08:00:00+00:00,0.8666000000000001,0.8671500000000001,0.8663900000000001,0.8667400000000001,16139
2026-04-30T09:00:00+00:00,0.8667400000000001,0.8668500000000001,0.8663000000000001,0.86667,13974
2026-04-30T10:00:00+00:00,0.86667,0.86711,0.8662900000000001,0.8664900000000001,20550
2026-04-30T11:00:00+00:00,0.8664900000000001,0.8672100000000001,0.8662700000000001,0.8665400000000001,26334
2026-04-30T12:00:00+00:00,0.8665400000000001,0.8670500000000001,0.8655700000000001,0.8658800000000001,20872
2026-04-30T13:00:00+00:00,0.8658800000000001,0.8663200000000001,0.8654600000000001,0.8655400000000001,19566
2026-04-30T14:00:00+00:00,0.8655400000000001,0.8656300000000001,0.8638300000000001,0.8640500000000001,31352
2026-04-30T15:00:00+00:00,0.8640500000000001,0.8645800000000001,0.8636300000000001,0.8643600000000001,21669
2026-04-30T16:00:00+00:00,0.8643600000000001,0.8645100000000001,0.8640100000000001,0.8641700000000001,10441
2026-04-30T17:00:00+00:00,0.8641700000000001,0.8642700000000001,0.8638700000000001,0.8639400000000002,10118
2026-04-30T18:00:00+00:00,0.8639400000000002,0.8639500000000001,0.8633900000000001,0.86345,8335
2026-04-30T19:00:00+00:00,0.86345,0.8635,0.8630300000000001,0.8631000000000001,7875
2026-04-30T20:00:00+00:00,0.8631000000000001,0.8631700000000001,0.8628500000000001,0.8628500000000001,5332
2026-04-30T21:00:00+00:00,0.8628500000000001,0.8631300000000001,0.86245,0.8628700000000001,1703
2026-04-30T22:00:00+00:00,0.8628700000000001,0.8630700000000001,0.8627800000000001,0.8629700000000001,947
2026-04-30T23:00:00+00:00,0.8629700000000001,0.8629900000000001,0.8628000000000001,0.8629100000000001,1710
2026-05-01T00:00:00+00:00,0.8629100000000001,0.8629200000000001,0.8626500000000001,0.8627300000000001,5508
2026-05-01T01:00:00+00:00,0.8627300000000001,0.8629800000000001,0.8627200000000002,0.86284,3643
2026-05-01T02:00:00+00:00,0.86284,0.8631300000000001,0.8627900000000001,0.86301,3436
2026-05-01T03:00:00+00:00,0.86301,0.8631700000000001,0.8628300000000001,0.8630500000000001,3553
2026-05-01T04:00:00+00:00,0.8630500000000001,0.8631300000000001,0.8629600000000001,0.86306,2996
2026-05-01T05:00:00+00:00,0.86306,0.8633000000000001,0.8630200000000001,0.8632600000000001,3067
2026-05-01T06:00:00+00:00,0.8632600000000001,0.8632700000000001,0.8626000000000001,0.86284,8208
2026-05-01T07:00:00+00:00,0.86284,0.8633500000000001,0.8626300000000001,0.8631900000000001,11243
2026-05-01T08:00:00+00:00,0.8631900000000001,0.8638200000000001,0.8630700000000001,0.8636100000000001,7563
2026-05-01T09:00:00+00:00,0.8636100000000001,0.8637900000000001,0.8633500000000001,0.86367,6186
2026-05-01T10:00:00+00:00,0.86367,0.8639000000000001,0.86345,0.8638300000000001,5881
2026-05-01T11:00:00+00:00,0.8638300000000001,0.8638700000000001,0.8633900000000001,0.8634400000000001,7741
2026-05-01T12:00:00+00:00,0.8634400000000001,0.8635700000000001,0.8630900000000001,0.8632700000000001,12027
2026-05-01T13:00:00+00:00,0.8632700000000001,0.8634300000000001,0.8629300000000001,0.8629800000000001,13216
2026-05-01T14:00:00+00:00,0.8629800000000001,0.8646900000000001,0.8629500000000001,0.8644000000000001,17744
2026-05-01T15:00:00+00:00,0.8644000000000001,0.86445,0.8637500000000001,0.8637800000000001,14564
2026-05-01T16:00:00+00:00,0.8637800000000001,0.8639900000000001,0.8635400000000001,0.8638200000000001,10465
2026-05-01T17:00:00+00:00,0.8638200000000001,0.8639800000000001,0.8636800000000001,0.8637700000000001,8808
2026-05-01T18:00:00+00:00,0.8637700000000001,0.8641000000000001,0.8637400000000001,0.8640500000000001,9778
2026-05-01T19:00:00+00:00,0.8640500000000001,0.8641300000000001,0.8638500000000001,0.86406,5305
2026-05-01T20:00:00+00:00,0.86406,0.8642200000000001,0.8630300000000001,0.8630900000000001,6251.435718809373
2026-05-03T21:00:00+00:00,0.8630900000000001,0.8634700000000002,0.8620600000000002,0.8626600000000002,673.7730109790152
2026-05-03T22:00:00+00:00,0.8626600000000002,0.8635200000000002,0.8626600000000002,0.8632500000000002,3495
2026-05-03T23:00:00+00:00,0.8632500000000002,0.8633600000000002,0.8631600000000001,0.8632300000000002,2961
2026-05-04T00:00:00+00:00,0.8632300000000002,0.8634200000000002,0.8629500000000002,0.8630100000000002,5424
2026-05-04T01:00:00+00:00,0.8630100000000002,0.8632400000000002,0.8629700000000002,0.8630000000000002,6118
2026-05-04T02:00:00+00:00,0.8630000000000002,0.8631400000000002,0.8628100000000002,0.8631100000000002,4183
2026-05-04T03:00:00+00:00,0.8631100000000002,0.8631200000000002,0.8628700000000002,0.8630500000000002,6417
2026-05-04T04:00:00+00:00,0.8630500000000002,0.8631700000000002,0.8630200000000002,0.8630500000000002,3733
2026-05-04T05:00:00+00:00,0.8630500000000002,0.8631000000000002,0.8628600000000002,0.8629000000000002,4524
2026-05-04T06:00:00+00:00,0.8629000000000002,0.8635800000000002,0.8628800000000002,0.8634800000000002,7617
2026-05-04T07:00:00+00:00,0.8634800000000002,0.8637700000000001,0.8634300000000003,0.8636200000000002,8744
2026-05-04T08:00:00+00:00,0.8636200000000002,0.8641800000000002,0.8634200000000002,0.8640700000000002,7730
2026-05-04T09:00:00+00:00,0.8640700000000002,0.8641300000000002,0.8639400000000002,0.8640600000000002,6564
2026-05-04T10:00:00+00:00,0.8640600000000002,0.8643800000000001,0.8637300000000002,0.8639900000000001,15830
2026-05-04T11:00:00+00:00,0.8639900000000001,0.8640600000000002,0.8634100000000002,0.8634200000000002,10051
2026-05-04T12:00:00+00:00,0.8634200000000002,0.8636500000000003,0.8632200000000002,0.8635500000000002,12789
2026-05-04T13:00:00+00:00,0.8635500000000002,0.8639000000000002,0.8632200000000002,0.8638100000000002,14373
2026-05-04T14:00:00+00:00,0.8638100000000002,0.8639200000000002,0.8632400000000002,0.8636500000000003,13848
2026-05-04T15:00:00+00:00,0.8636500000000003,0.8645300000000002,0.8635800000000002,0.8642700000000002,18099
2026-05-04T16:00:00+00:00,0.8642700000000002,0.8646800000000002,0.8636800000000002,0.8640000000000002,15673
2026-05-04T17:00:00+00:00,0.8640000000000002,0.8640200000000002,0.8635400000000002,0.8639300000000002,8782
2026-05-04T18:00:00+00:00,0.8639300000000002,0.8640700000000002,0.8638500000000002,0.8639600000000002,8134
2026-05-04T19:00:00+00:00,0.8639600000000002,0.8640700000000002,0.8637500000000002,0.8638100000000002,7943
2026-05-04T20:00:00+00:00,0.8638100000000002,0.8639400000000002,0.8637200000000002,0.8637700000000001,3878
2026-05-04T21:00:00+00:00,0.8637700000000001,0.8639700000000002,0.8629100000000002,0.8634700000000002,4084.9484057295317
2026-05-04T22:00:00+00:00,0.8634700000000002,0.8640100000000002,0.8634700000000002,0.8639700000000002,997
2026-05-04T23:00:00+00:00,0.8639700000000002,0.8640100000000002,0.8638700000000002,0.8639000000000002,1249
2026-05-05T00:00:00+00:00,0.8639000000000002,0.8639800000000002,0.8638100000000002,0.8639100000000002,3929
2026-05-05T01:00:00+00:00,0.8639100000000002,0.8639800000000002,0.8638500000000002,0.8638900000000002,4306
2026-05-05T02:00:00+00:00,0.8638900000000002,0.8639700000000002,0.8638400000000002,0.8639600000000002,2773
2026-05-05T03:00:00+00:00,0.8639600000000002,0.8639900000000001,0.8638500000000002,0.8639600000000002,2594
2026-05-05T04:00:00+00:00,0.8639600000000002,0.8639600000000002,0.8637600000000002,0.8638700000000002,3550
2026-05-05T05:00:00+00:00,0.8638700000000002,0.8640600000000002,0.8637400000000002,0.8640500000000002,4486
2026-05-05T06:00:00+00:00,0.8640500000000002,0.8640800000000002,0.8632300000000002,0.8634800000000002,7872
2026-05-05T07:00:00+00:00,0.8634800000000002,0.8635100000000002,0.8631400000000002,0.8632900000000002,8456
2026-05-05T08:00:00+00:00,0.8632900000000002,0.8633200000000002,0.8628500000000002,0.8630300000000002,8091
2026-05-05T09:00:00+00:00,0.8630300000000002,0.8631300000000002,0.8628000000000002,0.8631200000000002,10507
2026-05-05T10:00:00+00:00,0.8631200000000002,0.8631800000000002,0.8628100000000002,0.8628200000000003,7268
2026-05-05T11:00:00+00:00,0.8628200000000003,0.8634700000000002,0.8627500000000002,0.8631100000000002,8740
2026-05-05T12:00:00+00:00,0.8631100000000002,0.8634200000000002,0.8630000000000002,0.8631500000000002,11744
2026-05-05T13:00:00+00:00,0.8631500000000002,0.8633700000000002,0.8628300000000002,0.8628400000000002,11766
2026-05-05T14:00:00+00:00,0.8628400000000002,0.8631600000000001,0.8625700000000002,0.8628400000000002,18833
2026-05-05T15:00:00+00:00,0.8628400000000002,0.8630300000000002,0.8622500000000002,0.8623100000000002,12171
2026-05-05T16:00:00+00:00,0.8623100000000002,0.8629700000000002,0.8621900000000002,0.8628900000000002,8027
2026-05-05T17:00:00+00:00,0.8628900000000002,0.8634000000000002,0.8628100000000002,0.8632200000000002,7552
2026-05-05T18:00:00+00:00,0.8632200000000002,0.8634600000000002,0.8631400000000002,0.8633900000000002,4509
2026-05-05T19:00:00+00:00,0.8633900000000002,0.8635300000000002,0.8633100000000002,0.8634500000000002,4608
2026-05-05T20:00:00+00:00,0.8634500000000002,0.8636000000000003,0.8632800000000002,0.8632800000000002,2891
2026-05-05T21:00:00+00:00,0.8632800000000002,0.8634700000000002,0.8621100000000002,0.8632500000000002,1888
2026-05-05T22:00:00+00:00,0.8632500000000002,0.8635200000000002,0.8631400000000002,0.8632800000000002,3009
2026-05-05T23:00:00+00:00,0.8632800000000002,0.8634200000000002,0.8631800000000002,0.8633000000000002,4629
2026-05-06T00:00:00+00:00,0.8633000000000002,0.8633000000000002,0.8630600000000002,0.8632400000000002,4661
2026-05-06T01:00:00+00:00,0.8632400000000002,0.8634100000000002,0.8631400000000002,0.8633700000000002,5708
2026-05-06T02:00:00+00:00,0.8633700000000002,0.8634900000000002,0.8632500000000002,0.8634200000000002,4096
2026-05-06T03:00:00+00:00,0.8634200000000002,0.8637400000000002,0.8634000000000002,0.8637000000000002,3943
2026-05-06T04:00:00+00:00,0.8637000000000002,0.8638000000000002,0.8631900000000002,0.8635500000000002,10661
2026-05-06T05:00:00+00:00,0.8635500000000002,0.8636000000000003,0.8633300000000002,0.8634800000000002,7164
2026-05-06T06:00:00+00:00,0.8634800000000002,0.8636500000000003,0.8632800000000002,0.8633100000000002,7833
2026-05-06T07:00:00+00:00,0.8633100000000002,0.8633900000000002,0.8626300000000002,0.8629900000000003,11528
2026-05-06T08:00:00+00:00,0.8629900000000003,0.8635200000000002,0.8627500000000002,0.8630900000000002,15257
2026-05-06T09:00:00+00:00,0.8630900000000002,0.8642500000000002,0.8630600000000002,0.8640400000000003,12636
2026-05-06T10:00:00+00:00,0.8640400000000003,0.8647900000000002,0.8640000000000002,0.8643600000000002,11667
2026-05-06T11:00:00+00:00,0.8643600000000002,0.8647000000000002,0.8637800000000002,0.8638200000000003,13834
2026-05-06T12:00:00+00:00,0.8638200000000003,0.8638300000000002,0.8631400000000002,0.8633800000000001,16194
2026-05-06T13:00:00+00:00,0.8633800000000001,0.8637100000000002,0.8633600000000002,0.8634600000000002,16726
2026-05-06T14:00:00+00:00,0.8634600000000002,0.8639900000000001,0.8632200000000002,0.8639600000000002,16594
2026-05-06T15:00:00+00:00,0.8639600000000002,0.8645500000000002,0.8638700000000002,0.8643300000000002,12551
2026-05-06T16:00:00+00:00,0.8643300000000002,0.8647800000000002,0.8643100000000002,0.8644600000000002,10104
2026-05-06T17:00:00+00:00,0.8644600000000002,0.8645500000000002,0.8640800000000002,0.8641800000000002,8783
2026-05-06T18:00:00+00:00,0.8641800000000002,0.8642800000000002,0.8640400000000003,0.8641800000000002,7062
2026-05-06T19:00:00+00:00,0.8641800000000002,0.8644400000000002,0.8640900000000002,0.8641000000000002,6271
2026-05-06T20:00:00+00:00,0.8641000000000002,0.8642400000000002,0.8640200000000002,0.8641100000000002,3474
2026-05-06T21:00:00+00:00,0.8641100000000002,0.8642200000000002,0.8631800000000002,0.8641400000000002,3885.021423789333
2026-05-06T22:00:00+00:00,0.8641400000000002,0.8643400000000002,0.8640800000000002,0.8642400000000002,1015
2026-05-06T23:00:00+00:00,0.8642400000000002,0.8642400000000002,0.8640600000000002,0.8642000000000002,1558.5433277631892
2026-05-07T00:00:00+00:00,0.8642000000000002,0.8643700000000002,0.8640800000000002,0.8642000000000002,7165
2026-05-07T01:00:00+00:00,0.8642000000000002,0.8643400000000002,0.8640400000000001,0.8641700000000002,6208
2026-05-07T02:00:00+00:00,0.8641700000000002,0.8641800000000002,0.8640000000000002,0.8640500000000002,3749
2026-05-07T03:00:00+00:00,0.8640500000000002,0.8641800000000002,0.8639900000000001,0.8641800000000002,3490
2026-05-07T04:00:00+00:00,0.8641800000000002,0.8642000000000002,0.8639500000000002,0.8640100000000002,2538
2026-05-07T05:00:00+00:00,0.8640100000000002,0.8642900000000002,0.8639700000000001,0.8642800000000002,3746
2026-05-07T06:00:00+00:00,0.8642800000000002,0.8643300000000002,0.8635200000000002,0.8636400000000002,10297
2026-05-07T07:00:00+00:00,0.8636400000000002,0.8639400000000002,0.8634900000000002,0.8637300000000002,15014
2026-05-07T08:00:00+00:00,0.8637300000000002,0.8641400000000001,0.8635200000000002,0.8640000000000002,9849
2026-05-07T09:00:00+00:00,0.8640000000000002,0.8644200000000002,0.8637500000000001,0.8641000000000002,7944
2026-05-07T10:00:00+00:00,0.8641000000000002,0.8643400000000002,0.8635000000000002,0.8637900000000002,8855
2026-05-07T11:00:00+00:00,0.8637900000000002,0.8642200000000002,0.8635300000000001,0.8641400000000001,9725
2026-05-07T12:00:00+00:00,0.8641400000000001,0.8641700000000002,0.8637300000000002,0.8640100000000002,10767
2026-05-07T13:00:00+00:00,0.8640100000000002,0.8641700000000002,0.8637400000000002,0.8639700000000001,14433
2026-05-07T14:00:00+00:00,0.8639700000000001,0.8643900000000002,0.8637600000000002,0.8638100000000002,13812
2026-05-07T15:00:00+00:00,0.8638100000000002,0.8643500000000002,0.8637300000000002,0.8643100000000001,13165
2026-05-07T16:00:00+00:00,0.8643100000000001,0.8650300000000002,0.8642500000000002,0.8649500000000002,12743
2026-05-07T17:00:00+00:00,0.8649500000000002,0.8652500000000002,0.8647000000000001,0.8648300000000002,14751
2026-05-07T18:00:00+00:00,0.8648300000000002,0.8652800000000002,0.8647900000000002,0.8650700000000002,10981
2026-05-07T19:00:00+00:00,0.8650700000000002,0.8651300000000002,0.8648300000000002,0.8650000000000002,10934
2026-05-07T20:00:00+00:00,0.8650000000000002,0.8653400000000002,0.8649000000000002,0.8649600000000002,8723
2026-05-07T21:00:00+00:00,0.8649600000000002,0.8651900000000001,0.8642200000000002,0.8649500000000001,1403.477397751734
2026-05-07T22:00:00+00:00,0.8649500000000001,0.8655000000000002,0.8649500000000001,0.8653700000000002,2964
2026-05-07T23:00:00+00:00,0.8653700000000002,0.8653700000000002,0.8651900000000001,0.8652600000000001,1967
2026-05-08T00:00:00+00:00,0.8652600000000001,0.8654100000000001,0.8651400000000001,0.8652700000000002,5974
2026-05-08T01:00:00+00:00,0.8652700000000002,0.8653900000000001,0.8651400000000001,0.8651900000000001,5809
2026-05-08T02:00:00+00:00,0.8651900000000001,0.8652100000000001,0.8648900000000002,0.8649800000000002,4778
2026-05-08T03:00:00+00:00,0.8649800000000002,0.8652600000000001,0.8649300000000002,0.8651500000000002,3623
2026-05-08T04:00:00+00:00,0.8651500000000002,0.8654900000000002,0.8646900000000002,0.8649700000000001,4436
2026-05-08T05:00:00+00:00,0.8649700000000001,0.8649800000000002,0.8644400000000002,0.8645200000000002,4705
2026-05-08T06:00:00+00:00,0.8645200000000002,0.8648200000000001,0.8642200000000002,0.8643300000000002,8729
2026-05-08T07:00:00+00:00,0.8643300000000002,0.8647600000000002,0.8642100000000001,0.8645100000000001,8622
2026-05-08T08:00:00+00:00,0.8645100000000001,0.8646200000000002,0.8638500000000001,0.8640100000000002,10856
2026-05-08T09:00:00+00:00,0.8640100000000002,0.8643900000000001,0.8639300000000002,0.8642900000000001,7994
2026-05-08T10:00:00+00:00,0.8642900000000001,0.8646900000000002,0.8642400000000001,0.8646800000000001,6657
2026-05-08T11:00:00+00:00,0.8646800000000001,0.8647600000000002,0.8641200000000001,0.8641600000000002,7874
2026-05-08T12:00:00+00:00,0.8641600000000002,0.8648400000000002,0.8634800000000001,0.8647300000000001,14364
2026-05-08T13:00:00+00:00,0.8647300000000001,0.8648100000000002,0.8643300000000002,0.8643400000000001,16036
2026-05-08T14:00:00+00:00,0.8643400000000001,0.8646700000000002,0.8639900000000001,0.8640400000000001,15389
2026-05-08T15:00:00+00:00,0.8640400000000001,0.8644800000000001,0.8637400000000002,0.8640300000000002,13132
2026-05-08T16:00:00+00:00,0.8640300000000002,0.8644300000000001,0.8638800000000002,0.8643400000000001,7102
2026-05-08T17:00:00+00:00,0.8643400000000001,0.8644200000000002,0.8641700000000001,0.8642300000000002,5306
2026-05-08T18:00:00+00:00,0.8642300000000002,0.8645600000000001,0.8641400000000001,0.8645500000000002,6701
2026-05-08T19:00:00+00:00,0.8645500000000002,0.8645700000000002,0.8642500000000002,0.8642800000000002,5426
2026-05-08T20:00:00+00:00,0.8642800000000002,0.8645900000000002,0.8639100000000002,0.8642600000000001,4591.729212253829
2026-05-10T21:00:00+00:00,0.8642600000000001,0.8652600000000001,0.8635300000000001,0.8646300000000001,2825.743309199556
2026-05-10T22:00:00+00:00,0.8646300000000001,0.8652200000000001,0.8640500000000001,0.8640600000000002,3870
2026-05-10T23:00:00+00:00,0.8640600000000002,0.8641200000000001,0.8639500000000001,0.8639800000000001,2144
2026-05-11T00:00:00+00:00,0.8639800000000001,0.8641400000000001,0.8638400000000002,0.8638900000000002,5160
2026-05-11T01:00:00+00:00,0.8638900000000002,0.8639600000000002,0.8637400000000002,0.8637400000000002,5272
2026-05-11T02:00:00+00:00,0.8637400000000002,0.8638000000000001,0.8635700000000002,0.8636400000000001,3879
2026-05-11T03:00:00+00:00,0.8636400000000001,0.8636700000000002,0.8634000000000002,0.8635200000000001,3540
2026-05-11T04:00:00+00:00,0.8635200000000001,0.8637000000000001,0.8633500000000002,0.8636100000000001,3238
2026-05-11T05:00:00+00:00,0.8636100000000001,0.8636200000000002,0.8632900000000001,0.8633800000000001,4280
2026-05-11T06:00:00+00:00,0.8633800000000001,0.8641100000000002,0.8632700000000001,0.8637400000000002,7226
2026-05-11T07:00:00+00:00,0.8637400000000002,0.8640700000000001,0.8634000000000002,0.8639900000000001,7155
2026-05-11T08:00:00+00:00,0.8639900000000001,0.8642400000000001,0.8633300000000002,0.8634400000000001,7699
2026-05-11T09:00:00+00:00,0.8634400000000001,0.8637500000000001,0.8632100000000001,0.8637000000000001,6125
2026-05-11T10:00:00+00:00,0.8637000000000001,0.8647600000000001,0.8636000000000001,0.8645000000000002,9131
2026-05-11T11:00:00+00:00,0.8645000000000002,0.8645300000000001,0.8631500000000001,0.8632600000000001,9078
2026-05-11T12:00:00+00:00,0.8632600000000001,0.8635000000000002,0.8630900000000001,0.8634600000000001,9244
2026-05-11T13:00:00+00:00,0.8634600000000001,0.8636000000000001,0.8629500000000001,0.8634600000000001,10271
2026-05-11T14:00:00+00:00,0.8634600000000001,0.8636300000000001,0.8620400000000001,0.8620600000000002,12770
2026-05-11T15:00:00+00:00,0.8620600000000002,0.8622800000000002,0.8613700000000001,0.8614100000000001,11140
2026-05-11T16:00:00+00:00,0.8614100000000001,0.8617400000000002,0.8614000000000002,0.8615000000000002,7399
2026-05-11T17:00:00+00:00,0.8615000000000002,0.8617800000000001,0.8614800000000001,0.8617100000000001,6681
2026-05-11T18:00:00+00:00,0.8617100000000001,0.8624700000000001,0.8616800000000001,0.8623800000000001,5477
2026-05-11T19:00:00+00:00,0.8623800000000001,0.8632500000000001,0.8623400000000001,0.8632400000000001,5577
2026-05-11T20:00:00+00:00,0.8632400000000001,0.8641300000000001,0.8631600000000001,0.8641000000000001,3957
2026-05-11T21:00:00+00:00,0.8641000000000001,0.86442,0.8636400000000001,0.86442,2166.2041881265645
2026-05-11T22:00:00+00:00,0.86442,0.8646,0.86437,0.86442,1139
2026-05-11T23:00:00+00:00,0.86442,0.86443,0.86396,0.86411,1753
2026-05-12T00:00:00+00:00,0.86411,0.8642,0.86382,0.86391,4834
2026-05-12T01:00:00+00:00,0.86391,0.86416,0.86386,0.86397,7330
2026-05-12T02:00:00+00:00,0.86397,0.86399,0.86378,0.86379,4638
2026-05-12T03:00:00+00:00,0.86379,0.86388,0.86364,0.8638399999999999,3435
2026-05-12T04:00:00+00:00,0.8638399999999999,0.86403,0.86375,0.86381,3425
2026-05-12T05:00:00+00:00,0.86381,0.86496,0.86376,0.86483,6449
2026-05-12T06:00:00+00:00,0.86483,0.86586,0.86454,0.86581,10105
2026-05-12T07:00:00+00:00,0.86581,0.86748,0.86536,0.86736,12252
2026-05-12T08:00:00+00:00,0.86736,0.86809,0.86621,0.86635,16463
2026-05-12T09:00:00+00:00,0.86635,0.8669,0.86558,0.86598,13190
2026-05-12T10:00:00+00:00,0.86598,0.86603,0.86521,0.86588,8442
2026-05-12T11:00:00+00:00,0.86588,0.86638,0.86554,0.86615,11102
2026-05-12T12:00:00+00:00,0.86615,0.86687,0.86589,0.86613,14062
2026-05-12T13:00:00+00:00,0.86613,0.86664,0.86592,0.86653,17188
2026-05-12T14:00:00+00:00,0.86653,0.86657,0.86512,0.86608,17507
2026-05-12T15:00:00+00:00,0.86608,0.86682,0.8656,0.86571,16319
2026-05-12T16:00:00+00:00,0.86571,0.86629,0.86558,0.86592,9785
2026-05-12T17:00:00+00:00,0.86592,0.86616,0.86561,0.86597,8242
2026-05-12T18:00:00+00:00,0.86597,0.86611,0.86571,0.86596,7985
2026-05-12T19:00:00+00:00,0.86596,0.86596,0.86533,0.86542,6615
2026-05-12T20:00:00+00:00,0.86542,0.86553,0.86529,0.8653,3240
2026-05-12T21:00:00+00:00,0.8653,0.86536,0.86473,0.86512,2077.6941832189123
2026-05-12T22:00:00+00:00,0.86512,0.86543,0.86505,0.86535,797
2026-05-12T23:00:00+00:00,0.86535,0.86536,0.8652299999999999,0.86531,1423
2026-05-13T00:00:00+00:00,0.86531,0.86555,0.86528,0.86547,4422
2026-05-13T01:00:00+00:00,0.86547,0.86556,0.86515,0.86522,5471
2026-05-13T02:00:00+00:00,0.86522,0.86538,0.8651,0.86527,3967
2026-05-13T03:00:00+00:00,0.86527,0.86542,0.86511,0.86511,4337
2026-05-13T04:00:00+00:00,0.86511,0.86537,0.8651,0.86535,2390
2026-05-13T05:00:00+00:00,0.86535,0.86539,0.86429,0.86439,3840
2026-05-13T06:00:00+00:00,0.86439,0.8648399999999999,0.8642,0.86465,7619
2026-05-13T07:00:00+00:00,0.86465,0.86475,0.86401,0.86418,9129
2026-05-13T08:00:00+00:00,0.86418,0.86425,0.86309,0.8636199999999999,8095
2026-05-13T09:00:00+00:00,0.8636199999999999,0.86469,0.86359,0.86431,7704
2026-05-13T10:00:00+00:00,0.86431,0.86554,0.8640599999999999,0.86547,13850
2026-05-13T11:00:00+00:00,0.86547,0.86593,0.8653,0.86566,7894
2026-05-13T12:00:00+00:00,0.86566,0.86599,0.86543,0.86576,11539
2026-05-13T13:00:00+00:00,0.86576,0.86576,0.86473,0.8648399999999999,13920
2026-05-13T14:00:00+00:00,0.8648399999999999,0.8650599999999999,0.8645,0.8647,13413
2026-05-13T15:00:00+00:00,0.8647,0.8648399999999999,0.86428,0.86458,11273
2026-05-13T16:00:00+00:00,0.86458,0.8648399999999999,0.86436,0.86466,8542
2026-05-13T17:00:00+00:00,0.86466,0.86476,0.86449,0.86452,5270
2026-05-13T18:00:00+00:00,0.86452,0.86458,0.86435,0.86439,6743
2026-05-13T19:00:00+00:00,0.86439,0.86447,0.8642,0.86426,5612
2026-05-13T20:00:00+00:00,0.86426,0.8645,0.86421,0.86435,3633
2026-05-13T21:00:00+00:00,0.86435,0.86472,0.86414,0.86459,1625.9083509924587
2026-05-13T22:00:00+00:00,0.86459,0.86463,0.86429,0.86451,1254.8242424242424
2026-05-13T23:00:00+00:00,0.86451,0.8646699999999999,0.8643799999999999,0.8644299999999999,1731.4614782948768
2026-05-14T00:00:00+00:00,0.8644299999999999,0.8645099999999999,0.86418,0.8643299999999999,4773
2026-05-14T01:00:00+00:00,0.8643299999999999,0.8646099999999999,0.8642399999999999,0.86457,5134
2026-05-14T02:00:00+00:00,0.86457,0.86459,0.8643299999999999,0.8643899999999999,4096
2026-05-14T03:00:00+00:00,0.8643899999999999,0.8644099999999999,0.8641399999999999,0.8642,3922
2026-05-14T04:00:00+00:00,0.8642,0.8642799999999999,0.86413,0.8642399999999999,3725
2026-05-14T05:00:00+00:00,0.8642399999999999,0.86491,0.8642,0.8646999999999999,5392
2026-05-14T06:00:00+00:00,0.8646999999999999,0.8647199999999999,0.8640899999999999,0.8645799999999999,7415
2026-05-14T07:00:00+00:00,0.8645799999999999,0.86518,0.8645299999999999,0.8651399999999999,9655
2026-05-14T08:00:00+00:00,0.8651399999999999,0.8651699999999999,0.8645299999999999,0.8645299999999999,7925
2026-05-14T09:00:00+00:00,0.8645299999999999,0.8648399999999999,0.8643399999999999,0.8647799999999999,6935
2026-05-14T10:00:00+00:00,0.8647799999999999,0.86488,0.8645099999999999,0.8648699999999999,7637
2026-05-14T11:00:00+00:00,0.8648699999999999,0.8652799999999999,0.8641599999999999,0.8649399999999999,8043
2026-05-14T12:00:00+00:00,0.8649399999999999,0.8652,0.8640499999999999,0.8642799999999999,9302
2026-05-14T13:00:00+00:00,0.8642799999999999,0.86464,0.8640899999999999,0.8642099999999999,13405
2026-05-14T14:00:00+00:00,0.8642099999999999,0.8645599999999999,0.86403,0.8644499999999999,13859
2026-05-14T15:00:00+00:00,0.8644499999999999,0.86488,0.8643099999999999,0.8647299999999999,11379
2026-05-14T16:00:00+00:00,0.8647299999999999,0.8673599999999999,0.8646999999999999,0.8668899999999999,14534
2026-05-14T17:00:00+00:00,0.8668899999999999,0.86915,0.8667999999999999,0.86913,10111
2026-05-14T18:00:00+00:00,0.86913,0.8700699999999999,0.8691,0.8694,7639
2026-05-14T19:00:00+00:00,0.8694,0.86957,0.8691,0.8692599999999999,5979
2026-05-14T20:00:00+00:00,0.8692599999999999,0.8694399999999999,0.86898,0.86901,4213
2026-05-14T21:00:00+00:00,0.86901,0.86915,0.8682899999999999,0.86874,1730
2026-05-14T22:00:00+00:00,0.86874,0.86937,0.86874,0.8692099999999999,1503.3435138539044
2026-05-14T23:00:00+00:00,0.8692099999999999,0.8696299999999999,0.86884,0.8691699999999999,3408.917010645231
2026-05-15T00:00:00+00:00,0.8691699999999999,0.8695799999999999,0.86896,0.8693799999999999,6942
2026-05-15T01:00:00+00:00,0.8693799999999999,0.8698699999999999,0.8693199999999999,0.8696099999999999,7397
2026-05-15T02:00:00+00:00,0.8696099999999999,0.8698599999999999,0.8694899999999999,0.8695799999999999,6323
2026-05-15T03:00:00+00:00,0.8695799999999999,0.8696399999999999,0.8693699999999999,0.8694,4211
2026-05-15T04:00:00+00:00,0.8694,0.8698899999999999,0.8693899999999999,0.8698699999999999,4099
2026-05-15T05:00:00+00:00,0.8698699999999999,0.87045,0.8698499999999999,0.8701599999999999,8989
2026-05-15T06:00:00+00:00,0.8701599999999999,0.87106,0.8696699999999999,0.8697799999999999,13211
2026-05-15T07:00:00+00:00,0.8697799999999999,0.8699299999999999,0.8687699999999999,0.8690199999999999,13533
2026-05-15T08:00:00+00:00,0.8690199999999999,0.8700699999999999,0.8689699999999999,0.8699399999999999,11880
2026-05-15T09:00:00+00:00,0.8699399999999999,0.8703899999999999,0.86923,0.8694199999999999,12879
2026-05-15T10:00:00+00:00,0.8694199999999999,0.8694199999999999,0.86852,0.86879,13532
2026-05-15T11:00:00+00:00,0.86879,0.8690399999999999,0.8684,0.86896,11117
2026-05-15T12:00:00+00:00,0.86896,0.8694399999999999,0.8686099999999999,0.86896,11413
2026-05-15T13:00:00+00:00,0.86896,0.8697099999999999,0.86869,0.8695499999999999,17984
2026-05-15T14:00:00+00:00,0.8695499999999999,0.8698099999999999,0.8691399999999999,0.8697999999999999,19607
2026-05-15T15:00:00+00:00,0.8697999999999999,0.8711199999999999,0.8697099999999999,0.8704699999999999,16360
2026-05-15T16:00:00+00:00,0.8704699999999999,0.8710799999999999,0.8703799999999999,0.8707099999999999,10199
2026-05-15T17:00:00+00:00,0.8707099999999999,0.8710199999999999,0.8705299999999999,0.8706499999999999,8832
2026-05-15T18:00:00+00:00,0.8706499999999999,0.8707699999999999,0.8704299999999999,0.8706999999999999,8503
2026-05-15T19:00:00+00:00,0.8706999999999999,0.8708799999999999,0.8704799999999999,0.8708499999999999,5793
2026-05-15T20:00:00+00:00,0.8708499999999999,0.8712399999999999,0.8702799999999999,0.8705999999999999,4317.607510380935
2026-05-17T21:00:00+00:00,0.8705999999999999,0.8712099999999999,0.8705999999999999,0.8707199999999999,962.300016677984
2026-05-17T22:00:00+00:00,0.8707199999999999,0.8722,0.8707199999999999,0.872,3090
2026-05-17T23:00:00+00:00,0.872,0.87201,0.87159,0.8717699999999999,3416
2026-05-18T00:00:00+00:00,0.8717699999999999,0.8718799999999999,0.8715799999999999,0.8716699999999998,6043
2026-05-18T01:00:00+00:00,0.8716699999999998,0.8720199999999999,0.8716499999999999,0.8719399999999999,7259
2026-05-18T02:00:00+00:00,0.8719399999999999,0.8720899999999999,0.8717699999999999,0.8719899999999999,5058
2026-05-18T03:00:00+00:00,0.8719899999999999,0.8721999999999999,0.8719599999999998,0.8721599999999999,4802
2026-05-18T04:00:00+00:00,0.8721599999999999,0.8721899999999999,0.8718999999999999,0.8719299999999999,4118
2026-05-18T05:00:00+00:00,0.8719299999999999,0.8719699999999999,0.8713299999999999,0.8716099999999999,5778
2026-05-18T06:00:00+00:00,0.8716099999999999,0.8716099999999999,0.8702599999999999,0.8704199999999999,8816
2026-05-18T07:00:00+00:00,0.8704199999999999,0.8710199999999999,0.8701899999999999,0.8703499999999998,9522
2026-05-18T08:00:00+00:00,0.8703499999999998,0.8704899999999999,0.8691699999999999,0.8694499999999998,9575
2026-05-18T09:00:00+00:00,0.8694499999999998,0.8701799999999998,0.8694499999999998,0.8699299999999999,7108
2026-05-18T10:00:00+00:00,0.8699299999999999,0.8703399999999999,0.8697299999999999,0.8703099999999999,7574
2026-05-18T11:00:00+00:00,0.8703099999999999,0.8703199999999999,0.8694999999999999,0.8695299999999999,11971
2026-05-18T12:00:00+00:00,0.8695299999999999,0.8696099999999999,0.8688799999999999,0.8689999999999999,12244
2026-05-18T13:00:00+00:00,0.8689999999999999,0.8694999999999999,0.8688099999999999,0.8692599999999999,13870
2026-05-18T14:00:00+00:00,0.8692599999999999,0.8693399999999999,0.8682899999999999,0.8683899999999999,16000
2026-05-18T15:00:00+00:00,0.8683899999999999,0.8686699999999998,0.8669899999999999,0.8673099999999999,14959
2026-05-18T16:00:00+00:00,0.8673099999999999,0.8673499999999998,0.8657399999999998,0.8668099999999999,13688
2026-05-18T17:00:00+00:00,0.8668099999999999,0.8670399999999999,0.8665199999999998,0.8670199999999999,7928
2026-05-18T18:00:00+00:00,0.8670199999999999,0.8672699999999999,0.8668699999999999,0.8669299999999999,8754
2026-05-18T19:00:00+00:00,0.8669299999999999,0.8670799999999999,0.8666399999999999,0.8667499999999999,11922
2026-05-18T20:00:00+00:00,0.8667499999999999,0.8669599999999998,0.8666099999999999,0.8667099999999999,5450
2026-05-18T21:00:00+00:00,0.8667099999999999,0.8672499999999999,0.8662799999999999,0.8670099999999998,2447
2026-05-18T22:00:00+00:00,0.8670099999999998,0.8671599999999999,0.8668999999999999,0.8669799999999999,1161
2026-05-18T23:00:00+00:00,0.8669799999999999,0.8670099999999998,0.8667899999999998,0.8669199999999999,2179
2026-05-19T00:00:00+00:00,0.8669199999999999,0.8669499999999999,0.8666599999999999,0.8669299999999999,5412
2026-05-19T01:00:00+00:00,0.8669299999999999,0.8673399999999999,0.8668799999999999,0.8672299999999998,5531
2026-05-19T02:00:00+00:00,0.8672299999999998,0.8674799999999999,0.8670199999999998,0.8670599999999998,5789
2026-05-19T03:00:00+00:00,0.8670599999999998,0.8671799999999998,0.8669799999999998,0.8670899999999998,4690
2026-05-19T04:00:00+00:00,0.8670899999999998,0.8672099999999998,0.8670099999999998,0.8672099999999998,3930
2026-05-19T05:00:00+00:00,0.8672099999999998,0.8674499999999998,0.8668499999999999,0.8669299999999999,5544
2026-05-19T06:00:00+00:00,0.8669299999999999,0.8678299999999999,0.8668999999999999,0.8676499999999998,8658
2026-05-19T07:00:00+00:00,0.8676499999999998,0.8679499999999999,0.8671599999999998,0.8673599999999999,8995
2026-05-19T08:00:00+00:00,0.8673599999999999,0.8675699999999998,0.8670499999999998,0.8671299999999997,8314
2026-05-19T09:00:00+00:00,0.8671299999999997,0.8671599999999998,0.8658899999999997,0.8658899999999997,8647
2026-05-19T10:00:00+00:00,0.8658899999999997,0.8663799999999998,0.8657799999999998,0.8661099999999998,9747
2026-05-19T11:00:00+00:00,0.8661099999999998,0.8662199999999998,0.8657299999999998,0.8659599999999997,8790
2026-05-19T12:00:00+00:00,0.8659599999999997,0.8660199999999998,0.8653399999999998,0.8656899999999997,10713
2026-05-19T13:00:00+00:00,0.8656899999999997,0.8662699999999998,0.8656699999999997,0.8657999999999998,15397
2026-05-19T14:00:00+00:00,0.8657999999999998,0.8661299999999998,0.8650599999999998,0.8650699999999998,17893
2026-05-19T15:00:00+00:00,0.8650699999999998,0.8652699999999998,0.8648499999999998,0.8651399999999998,13209
2026-05-19T16:00:00+00:00,0.8651399999999998,0.8656799999999998,0.8650399999999998,0.8654699999999999,10275
2026-05-19T17:00:00+00:00,0.8654699999999999,0.8655099999999998,0.8649199999999998,0.8651599999999998,6845
2026-05-19T18:00:00+00:00,0.8651599999999998,0.8654799999999998,0.8651199999999998,0.8653299999999998,7204
2026-05-19T19:00:00+00:00,0.8653299999999998,0.8653899999999998,0.8650899999999998,0.8653699999999998,6366
2026-05-19T20:00:00+00:00,0.8653699999999998,0.8657999999999998,0.8651999999999999,0.8655099999999998,3739
2026-05-19T21:00:00+00:00,0.8655099999999998,0.8655699999999998,0.8651099999999998,0.8653099999999998,2497.492985790569
2026-05-19T22:00:00+00:00,0.8653099999999998,0.8657399999999997,0.8653099999999998,0.8656699999999998,1525.2897159647405
2026-05-19T23:00:00+00:00,0.8656699999999998,0.8656999999999998,0.8655599999999998,0.8656599999999998,2568
2026-05-20T00:00:00+00:00,0.8656599999999998,0.8658399999999998,0.8653699999999998,0.8656799999999998,8740
2026-05-20T01:00:00+00:00,0.8656799999999998,0.8658999999999998,0.8654999999999998,0.8655399999999998,8464
2026-05-20T02:00:00+00:00,0.8655399999999998,0.8655999999999998,0.8653199999999998,0.8653599999999998,6951
2026-05-20T03:00:00+00:00,0.8653599999999998,0.8654099999999998,0.8649999999999998,0.8650899999999998,5305
2026-05-20T04:00:00+00:00,0.8650899999999998,0.8653699999999998,0.8649499999999998,0.8652799999999998,5359
2026-05-20T05:00:00+00:00,0.8652799999999998,0.8652999999999997,0.8648799999999998,0.8650599999999998,5724
2026-05-20T06:00:00+00:00,0.8650599999999998,0.8660399999999998,0.8648599999999997,0.8654899999999998,10567
2026-05-20T07:00:00+00:00,0.8654899999999998,0.8657999999999998,0.8648999999999998,0.8653099999999998,10115
2026-05-20T08:00:00+00:00,0.8653099999999998,0.8654099999999998,0.8649099999999997,0.8653299999999998,10285
2026-05-20T09:00:00+00:00,0.8653299999999998,0.8653899999999998,0.8649199999999998,0.8651399999999998,6794
2026-05-20T10:00:00+00:00,0.8651399999999998,0.8653499999999997,0.8650199999999998,0.8651899999999998,7226
2026-05-20T11:00:00+00:00,0.8651899999999998,0.8651899999999998,0.8647099999999998,0.8649799999999997,7246
2026-05-20T12:00:00+00:00,0.8649799999999997,0.8650099999999998,0.8645499999999998,0.8646999999999998,8359
2026-05-20T13:00:00+00:00,0.8646999999999998,0.8647799999999998,0.8642399999999998,0.8646799999999998,11390
2026-05-20T14:00:00+00:00,0.8646799999999998,0.8647599999999998,0.8640099999999998,0.8641499999999998,20868
2026-05-20T15:00:00+00:00,0.8641499999999998,0.8645399999999998,0.8635399999999998,0.8636899999999997,21385
2026-05-20T16:00:00+00:00,0.8636899999999997,0.8642299999999998,0.8634999999999998,0.8641099999999998,12503
2026-05-20T17:00:00+00:00,0.8641099999999998,0.8641499999999998,0.8637099999999998,0.8639299999999998,10035
2026-05-20T18:00:00+00:00,0.8639299999999998,0.8644899999999998,0.8638999999999998,0.8644599999999998,8478
2026-05-20T19:00:00+00:00,0.8644599999999998,0.8645699999999998,0.8642099999999998,0.8645399999999998,6892
2026-05-20T20:00:00+00:00,0.8645399999999998,0.8646399999999997,0.8642699999999998,0.8642899999999998,5317
2026-05-20T21:00:00+00:00,0.8642899999999998,0.8644099999999997,0.8634699999999997,0.8640599999999997,1425.0873400970445
2026-05-20T22:00:00+00:00,0.8640599999999997,0.8645399999999998,0.8640099999999997,0.8644599999999997,1167
2026-05-20T23:00:00+00:00,0.8644599999999997,0.8645399999999998,0.8643499999999997,0.8644699999999997,1613
2026-05-21T00:00:00+00:00,0.8644699999999997,0.8647299999999998,0.8644199999999997,0.8645499999999997,3485
2026-05-21T01:00:00+00:00,0.8645499999999997,0.8646299999999997,0.8644299999999997,0.8645499999999997,5751
2026-05-21T02:00:00+00:00,0.8645499999999997,0.8648499999999997,0.8644799999999997,0.8645099999999998,4840
2026-05-21T03:00:00+00:00,0.8645099999999998,0.8645499999999997,0.8643999999999997,0.8645099999999998,3382
2026-05-21T04:00:00+00:00,0.8645099999999998,0.8646599999999998,0.8644199999999997,0.8644599999999997,3628
2026-05-21T05:00:00+00:00,0.8644599999999997,0.8645199999999997,0.8642999999999997,0.8643399999999998,4523
2026-05-21T06:00:00+00:00,0.8643399999999998,0.8644799999999997,0.8640199999999997,0.8641299999999997,6956
2026-05-21T07:00:00+00:00,0.8641299999999997,0.8641399999999997,0.8632999999999997,0.8634899999999998,15287
2026-05-21T08:00:00+00:00,0.8634899999999998,0.8647099999999998,0.8633599999999997,0.8643299999999997,12186
2026-05-21T09:00:00+00:00,0.8643299999999997,0.8644899999999998,0.8640299999999997,0.8641499999999998,8481
2026-05-21T10:00:00+00:00,0.8641499999999998,0.8641999999999997,0.8635999999999997,0.8638099999999997,12113
2026-05-21T11:00:00+00:00,0.8638099999999997,0.8638199999999997,0.8631499999999998,0.8633499999999997,9376
2026-05-21T12:00:00+00:00,0.8633499999999997,0.8637799999999998,0.8633199999999998,0.8637299999999998,12148
2026-05-21T13:00:00+00:00,0.8637299999999998,0.8640999999999998,0.8633899999999998,0.8640199999999997,15958
2026-05-21T14:00:00+00:00,0.8640199999999997,0.8642799999999997,0.8635599999999998,0.8635899999999997,16187
2026-05-21T15:00:00+00:00,0.8635899999999997,0.8638499999999997,0.8634099999999997,0.8636199999999997,13105
2026-05-21T16:00:00+00:00,0.8636199999999997,0.8641199999999998,0.8634999999999997,0.8639499999999998,9723
2026-05-21T17:00:00+00:00,0.8639499999999998,0.8641399999999997,0.8635699999999997,0.8638999999999998,15102
2026-05-21T18:00:00+00:00,0.8638999999999998,0.8641199999999998,0.8636899999999997,0.8640099999999997,11429
2026-05-21T19:00:00+00:00,0.8640099999999997,0.8641799999999997,0.8638499999999997,0.8640999999999998,7447
2026-05-21T20:00:00+00:00,0.8640999999999998,0.8642699999999998,0.8637699999999997,0.8639399999999997,3886
2026-05-21T21:00:00+00:00,0.8639399999999997,0.8643399999999998,0.8632099999999997,0.8640599999999997,5371
2026-05-21T22:00:00+00:00,0.8640599999999997,0.8641699999999998,0.8639799999999997,0.8640899999999997,849
2026-05-21T23:00:00+00:00,0.8640899999999997,0.8641399999999997,0.8640299999999997,0.8641199999999998,1665
2026-05-22T00:00:00+00:00,0.8641199999999998,0.8643199999999998,0.8640399999999997,0.8643199999999998,4860
2026-05-22T01:00:00+00:00,0.8643199999999998,0.8643399999999998,0.8639299999999998,0.8639799999999997,4743
2026-05-22T02:00:00+00:00,0.8639799999999997,0.8640599999999997,0.8639399999999997,0.8639899999999997,3129
2026-05-22T03:00:00+00:00,0.8639899999999997,0.8640899999999997,0.8639699999999997,0.8640599999999997,2482
2026-05-22T04:00:00+00:00,0.8640599999999997,0.8640699999999997,0.8639299999999998,0.8640399999999997,2439
2026-05-22T05:00:00+00:00,0.8640399999999997,0.8642599999999997,0.8639699999999997,0.8640999999999998,3415
2026-05-22T06:00:00+00:00,0.8640999999999998,0.8644599999999997,0.8639499999999998,0.8640299999999997,7229
2026-05-22T07:00:00+00:00,0.8640299999999997,0.8641199999999998,0.8637199999999997,0.8638799999999998,6851
2026-05-22T08:00:00+00:00,0.8638799999999998,0.8639099999999997,0.8634399999999998,0.8637699999999997,8097
2026-05-22T09:00:00+00:00,0.8637699999999997,0.8637999999999997,0.8632899999999997,0.8634299999999997,6562
2026-05-22T10:00:00+00:00,0.8634299999999997,0.8634499999999997,0.8629799999999997,0.8631799999999997,5992
2026-05-22T11:00:00+00:00,0.8631799999999997,0.8634399999999997,0.8630499999999997,0.8632699999999996,7060.602464332036
2026-05-22T12:00:00+00:00,0.8632699999999996,0.8636799999999997,0.8628399999999997,0.8628399999999997,10761
2026-05-22T13:00:00+00:00,0.8628399999999997,0.8629599999999997,0.8621499999999996,0.8626599999999996,13299
2026-05-22T14:00:00+00:00,0.8626599999999996,0.8631999999999996,0.8624299999999997,0.8625299999999997,14884
2026-05-22T15:00:00+00:00,0.8625299999999997,0.8628499999999997,0.8622099999999997,0.8627099999999996,11081
2026-05-22T16:00:00+00:00,0.8627099999999996,0.8629499999999997,0.8626099999999997,0.8628599999999996,7865
2026-05-22T17:00:00+00:00,0.8628599999999996,0.8629799999999996,0.8625899999999996,0.8626999999999997,9005
2026-05-22T18:00:00+00:00,0.8626999999999997,0.8628699999999997,0.8626799999999997,0.8626899999999996,5203
2026-05-22T19:00:00+00:00,0.8626899999999996,0.8629199999999997,0.8626899999999996,0.8627499999999997,5181
2026-05-22T20:00:00+00:00,0.8627499999999997,0.8629499999999997,0.8623399999999997,0.8626999999999997,3896.652402099314
2026-05-24T21:00:00+00:00,0.8626999999999997,0.8632899999999998,0.8625099999999998,0.8625099999999998,1611.361377377962
2026-05-24T22:00:00+00:00,0.8625099999999998,0.8627699999999998,0.8619199999999998,0.8621499999999997,3258
2026-05-24T23:00:00+00:00,0.8621499999999997,0.8622799999999998,0.8620699999999998,0.8622099999999998,2366
2026-05-25T00:00:00+00:00,0.8622099999999998,0.8623199999999998,0.8619599999999997,0.8619899999999998,4606
2026-05-25T01:00:00+00:00,0.8619899999999998,0.8621199999999998,0.8618899999999998,0.8620999999999998,4697
2026-05-25T02:00:00+00:00,0.8620999999999998,0.8622699999999998,0.8620799999999997,0.8621899999999998,2665
2026-05-25T03:00:00+00:00,0.8621899999999998,0.8623099999999998,0.8621299999999997,0.8622699999999999,3195.861020121666
2026-05-25T04:00:00+00:00,0.8622699999999999,0.8622699999999999,0.8620499999999999,0.8621099999999998,2481
2026-05-25T05:00:00+00:00,0.8621099999999998,0.8621399999999998,0.8618299999999999,0.8619499999999998,4012
2026-05-25T06:00:00+00:00,0.8619499999999998,0.8621399999999998,0.8618299999999999,0.8618299999999999,4868
2026-05-25T07:00:00+00:00,0.8618299999999999,0.8621199999999998,0.8616399999999999,0.8616899999999998,6642
2026-05-25T08:00:00+00:00,0.8616899999999998,0.8619499999999998,0.8615299999999998,0.8615499999999998,5157
2026-05-25T09:00:00+00:00,0.8615499999999998,0.8616399999999999,0.8613399999999998,0.8614499999999998,2958
2026-05-25T10:00:00+00:00,0.8614499999999998,0.8617299999999998,0.8613999999999998,0.8616599999999999,3192
2026-05-25T11:00:00+00:00,0.8616599999999999,0.8617199999999998,0.8611799999999998,0.8612699999999999,4713.576621748668
2026-05-25T12:00:00+00:00,0.8612699999999999,0.8614499999999998,0.8610999999999999,0.8614299999999999,5834
2026-05-25T13:00:00+00:00,0.8614299999999999,0.8614999999999998,0.8608999999999999,0.8611499999999999,5959
2026-05-25T14:00:00+00:00,0.8611499999999999,0.8612899999999999,0.8608899999999998,0.8609899999999999,5316
2026-05-25T15:00:00+00:00,0.8609899999999999,0.8612799999999998,0.8608399999999998,0.8608999999999999,5791
2026-05-25T16:00:00+00:00,0.8608999999999999,0.8609899999999999,0.8606099999999999,0.8606899999999998,3235
2026-05-25T17:00:00+00:00,0.8606899999999998,0.8607699999999999,0.8606299999999999,0.8607399999999998,1958
2026-05-25T18:00:00+00:00,0.8607399999999998,0.8607599999999999,0.8606099999999999,0.8606899999999998,1859
2026-05-25T19:00:00+00:00,0.8606899999999998,0.8606899999999998,0.8604399999999999,0.8605099999999999,1475
2026-05-25T20:00:00+00:00,0.8605099999999999,0.8607399999999998,0.8605099999999999,0.8607399999999998,2114
2026-05-25T21:00:00+00:00,0.8607399999999998,0.8607399999999998,0.8602399999999999,0.8603399999999999,1851.4737596985494
2026-05-25T22:00:00+00:00,0.8603399999999999,0.8605799999999999,0.8603399999999999,0.8605499999999999,1324
2026-05-25T23:00:00+00:00,0.8605499999999999,0.8607499999999999,0.8604999999999999,0.8606299999999999,2373
2026-05-26T00:00:00+00:00,0.8606299999999999,0.86103,0.8606199999999999,0.8609699999999999,4909
2026-05-26T01:00:00+00:00,0.8609699999999999,0.8611499999999999,0.8609199999999999,0.8610399999999999,4832
2026-05-26T02:00:00+00:00,0.8610399999999999,0.8611499999999999,0.8609199999999999,0.8610499999999999,3262
2026-05-26T03:00:00+00:00,0.8610499999999999,0.86113,0.8609499999999999,0.8610899999999999,2681
2026-05-26T04:00:00+00:00,0.8610899999999999,0.8612,0.8610499999999999,0.8611399999999999,2108
2026-05-26T05:00:00+00:00,0.8611399999999999,0.86142,0.86113,0.8613799999999999,3186
2026-05-26T06:00:00+00:00,0.8613799999999999,0.8618699999999999,0.8612899999999999,0.8617499999999999,6237
2026-05-26T07:00:00+00:00,0.8617499999999999,0.86235,0.8615799999999999,0.8620899999999999,10160
2026-05-26T08:00:00+00:00,0.8620899999999999,0.8622899999999999,0.8619199999999999,0.8620199999999999,7691
2026-05-26T09:00:00+00:00,0.8620199999999999,0.8621699999999999,0.86181,0.8619199999999999,6509
2026-05-26T10:00:00+00:00,0.8619199999999999,0.8621499999999999,0.86159,0.8617699999999999,7535
2026-05-26T11:00:00+00:00,0.8617699999999999,0.8623599999999999,0.8616199999999999,0.8622699999999999,7637
2026-05-26T12:00:00+00:00,0.8622699999999999,0.8623799999999999,0.8618299999999999,0.8622,8836
2026-05-26T13:00:00+00:00,0.8622,0.8622699999999999,0.86174,0.86186,12771
2026-05-26T14:00:00+00:00,0.86186,0.86281,0.8617699999999999,0.8627999999999999,13178
2026-05-26T15:00:00+00:00,0.8627999999999999,0.86335,0.8626099999999999,0.8632699999999999,13183
2026-05-26T16:00:00+00:00,0.8632699999999999,0.8634,0.8630899999999999,0.8632599999999999,7878
2026-05-26T17:00:00+00:00,0.8632599999999999,0.86335,0.8630099999999999,0.8632799999999999,6871
2026-05-26T18:00:00+00:00,0.8632799999999999,0.8634999999999999,0.8632599999999999,0.8634499999999999,4604
2026-05-26T19:00:00+00:00,0.8634499999999999,0.86352,0.8633,0.8633599999999999,4780
2026-05-26T20:00:00+00:00,0.8633599999999999,0.8635099999999999,0.8630599999999999,0.8633,3018
2026-05-26T21:00:00+00:00,0.8633,0.86342,0.8628499999999999,0.8631499999999999,2281
2026-05-26T22:00:00+00:00,0.8631499999999999,0.8634899999999999,0.86313,0.8633399999999999,815
2026-05-26T23:00:00+00:00,0.8633399999999999,0.8633799999999999,0.8632299999999999,0.8633299999999999,1265
2026-05-27T00:00:00+00:00,0.8633299999999999,0.86352,0.8632899999999999,0.8633899999999999,4471
2026-05-27T01:00:00+00:00,0.8633899999999999,0.86364,0.8633899999999999,0.8636099999999999,3632
2026-05-27T02:00:00+00:00,0.8636099999999999,0.8636599999999999,0.86347,0.8635999999999999,4722
2026-05-27T03:00:00+00:00,0.8635999999999999,0.86364,0.86342,0.8634999999999999,3547
2026-05-27T04:00:00+00:00,0.8634999999999999,0.8637499999999999,0.86347,0.8637199999999999,3238
2026-05-27T05:00:00+00:00,0.8637199999999999,0.8639299999999999,0.8636799999999999,0.8638999999999999,2650
2026-05-27T06:00:00+00:00,0.8638999999999999,0.8642299999999999,0.8638799999999999,0.8641399999999999,6394
2026-05-27T07:00:00+00:00,0.8641399999999999,0.8647099999999999,0.8640699999999999,0.8643799999999999,6935
2026-05-27T08:00:00+00:00,0.8643799999999999,0.8647199999999999,0.8641399999999999,0.8644999999999999,7272
2026-05-27T09:00:00+00:00,0.8644999999999999,0.86457,0.8640899999999999,0.8645499999999999,6113
2026-05-27T10:00:00+00:00,0.8645499999999999,0.86474,0.86425,0.8644099999999999,6839
2026-05-27T11:00:00+00:00,0.8644099999999999,0.8647799999999999,0.8643399999999999,0.8647099999999999,7333
2026-05-27T12:00:00+00:00,0.8647099999999999,0.86518,0.8646199999999999,0.8648199999999999,15252
2026-05-27T13:00:00+00:00,0.8648199999999999,0.8648499999999999,0.8641499999999999,0.86418,13447
2026-05-27T14:00:00+00:00,0.86418,0.86508,0.8639899999999999,0.8648299999999999,18410
2026-05-27T15:00:00+00:00,0.8648299999999999,0.8649699999999999,0.8644899999999999,0.8644899999999999,13438
2026-05-27T16:00:00+00:00,0.8644899999999999,0.8647199999999999,0.8643799999999999,0.8645499999999999,7837
2026-05-27T17:00:00+00:00,0.8645499999999999,0.8647599999999999,0.8643899999999999,0.86447,7698
2026-05-27T18:00:00+00:00,0.86447,0.86452,0.86418,0.8644299999999999,6402
2026-05-27T19:00:00+00:00,0.8644299999999999,0.8644899999999999,0.8642099999999999,0.8643,4319
2026-05-27T20:00:00+00:00,0.8643,0.8643799999999999,0.8640599999999999,0.8640599999999999,3134
2026-05-27T21:00:00+00:00,0.8640599999999999,0.8645999999999998,0.8638899999999999,0.8644299999999999,2075.944807379796
2026-05-27T22:00:00+00:00,0.8644299999999999,0.8645299999999999,0.8642699999999999,0.8643199999999999,1023
2026-05-27T23:00:00+00:00,0.8643199999999999,0.8644799999999999,0.8642899999999999,0.8644199999999999,2091
2026-05-28T00:00:00+00:00,0.8644199999999999,0.8648499999999999,0.8644099999999999,0.8648199999999999,4231
2026-05-28T01:00:00+00:00,0.8648199999999999,0.8650399999999999,0.8647799999999999,0.8649799999999999,5063
2026-05-28T02:00:00+00:00,0.8649799999999999,0.8649899999999998,0.8648099999999999,0.8649599999999998,4614
2026-05-28T03:00:00+00:00,0.8649599999999998,0.8653699999999999,0.8648599999999999,0.8651999999999999,8420
2026-05-28T04:00:00+00:00,0.8651999999999999,0.8653099999999999,0.8649599999999998,0.8649899999999998,5864
2026-05-28T05:00:00+00:00,0.8649899999999998,0.8650499999999999,0.8644899999999999,0.8645999999999998,5535
2026-05-28T06:00:00+00:00,0.8645999999999998,0.8647499999999999,0.8642099999999998,0.8646299999999999,6958
2026-05-28T07:00:00+00:00,0.8646299999999999,0.8650499999999999,0.8645099999999999,0.8648499999999999,9155
2026-05-28T08:00:00+00:00,0.8648499999999999,0.8652699999999999,0.8647999999999999,0.8651999999999999,6681
2026-05-28T09:00:00+00:00,0.8651999999999999,0.8655799999999999,0.8649199999999999,0.8653899999999999,6462
2026-05-28T10:00:00+00:00,0.8653899999999999,0.8655399999999999,0.8651299999999998,0.8651399999999999,7211
2026-05-28T11:00:00+00:00,0.8651399999999999,0.8652599999999999,0.8647399999999998,0.8649799999999999,7045
2026-05-28T12:00:00+00:00,0.8649799999999999,0.8656499999999999,0.8649599999999998,0.8655099999999999,10335
2026-05-28T13:00:00+00:00,0.8655099999999999,0.8657499999999999,0.8652699999999999,0.8656299999999999,11525
2026-05-28T14:00:00+00:00,0.8656299999999999,0.8658799999999999,0.8647799999999999,0.8655899999999999,19380
2026-05-28T15:00:00+00:00,0.8655899999999999,0.8658299999999999,0.8654099999999999,0.8654199999999999,10837.72972972973
2026-05-28T16:00:00+00:00,0.8654199999999999,0.8656199999999998,0.8652499999999999,0.8653899999999999,10701
2026-05-28T17:00:00+00:00,0.8653899999999999,0.8654099999999999,0.8650899999999999,0.8651799999999998,6859
2026-05-28T18:00:00+00:00,0.8651799999999998,0.8652999999999998,0.8650699999999999,0.8651099999999998,7616
2026-05-28T19:00:00+00:00,0.8651099999999998,0.8652499999999999,0.8650999999999999,0.8651599999999998,6771
2026-05-28T20:00:00+00:00,0.8651599999999998,0.8651699999999999,0.8649399999999998,0.8649499999999999,3456
2026-05-28T21:00:00+00:00,0.8649499999999999,0.8651799999999998,0.8644999999999998,0.8648899999999998,1669.6652935882807
2026-05-28T22:00:00+00:00,0.8648899999999998,0.8652299999999998,0.8648899999999998,0.8651799999999998,1174
2026-05-28T23:00:00+00:00,0.8651799999999998,0.8652199999999998,0.8650799999999998,0.8652099999999998,1270
2026-05-29T00:00:00+00:00,0.8652099999999998,0.8652799999999998,0.8651099999999998,0.8651499999999999,3293
2026-05-29T01:00:00+00:00,0.8651499999999999,0.8653299999999998,0.8648499999999998,0.8649099999999998,5417
2026-05-29T02:00:00+00:00,0.8649099999999998,0.8650599999999998,0.8648399999999998,0.8650399999999998,3866
2026-05-29T03:00:00+00:00,0.8650399999999998,0.8650599999999998,0.8648099999999999,0.8648699999999998,3817
2026-05-29T04:00:00+00:00,0.8648699999999998,0.8648899999999998,0.8645199999999998,0.8645899999999999,3114
2026-05-29T05:00:00+00:00,0.8645899999999999,0.8648399999999998,0.8645399999999999,0.8647799999999998,3221
2026-05-29T06:00:00+00:00,0.8647799999999998,0.8654399999999999,0.8647199999999998,0.8654299999999998,6252
2026-05-29T07:00:00+00:00,0.8654299999999998,0.8660499999999999,0.8654099999999998,0.8655699999999998,8556
2026-05-29T08:00:00+00:00,0.8655699999999998,0.8658999999999998,0.8652899999999998,0.8654999999999998,9137
2026-05-29T09:00:00+00:00,0.8654999999999998,0.8661899999999998,0.8654299999999998,0.8661199999999998,7868
2026-05-29T10:00:00+00:00,0.8661199999999998,0.8666499999999998,0.8660199999999998,0.8662199999999998,6591
2026-05-29T11:00:00+00:00,0.8662199999999998,0.8663499999999998,0.8657599999999999,0.8658299999999998,7398
2026-05-29T12:00:00+00:00,0.8658299999999998,0.8660999999999999,0.8655199999999998,0.8655899999999999,9043
2026-05-29T13:00:00+00:00,0.8655899999999999,0.8656399999999999,0.8648399999999998,0.8651699999999998,11621
2026-05-29T14:00:00+00:00,0.8651699999999998,0.8653499999999998,0.8641499999999999,0.8642599999999998,18883
2026-05-29T15:00:00+00:00,0.8642599999999998,0.8652999999999998,0.8639799999999999,0.8651599999999998,17753
2026-05-29T16:00:00+00:00,0.8651599999999998,0.8653199999999999,0.8647499999999998,0.8651799999999998,11146
2026-05-29T17:00:00+00:00,0.8651799999999998,0.8653099999999998,0.8649899999999998,0.8651999999999999,6697
2026-05-29T18:00:00+00:00,0.8651999999999999,0.8652199999999998,0.8649799999999999,0.8650299999999999,6222
2026-05-29T19:00:00+00:00,0.8650299999999999,0.8650799999999998,0.8645499999999998,0.8646199999999998,6039
2026-05-29T20:00:00+00:00,0.8646199999999998,0.8650599999999998,0.8643999999999998,0.8646899999999998,5513.568403361344
2026-05-31T21:00:00+00:00,0.8646899999999998,0.8655199999999998,0.8644899999999998,0.8653999999999998,2428.798680437054
2026-05-31T22:00:00+00:00,0.8653999999999998,0.8658899999999999,0.8653599999999998,0.8658699999999999,2048.6645051721475
2026-05-31T23:00:00+00:00,0.8658699999999999,0.8658699999999999,0.8651599999999999,0.8652899999999999,4695
2026-06-01T00:00:00+00:00,0.8652899999999999,0.8654899999999999,0.8651599999999999,0.8651799999999998,5811
2026-06-01T01:00:00+00:00,0.8651799999999998,0.8651999999999999,0.8647999999999999,0.8648199999999999,5440
2026-06-01T02:00:00+00:00,0.8648199999999999,0.8648699999999999,0.8646599999999999,0.8648199999999999,3273
2026-06-01T03:00:00+00:00,0.8648199999999999,0.8650199999999999,0.8646699999999999,0.8649799999999999,3353
2026-06-01T04:00:00+00:00,0.8649799999999999,0.8649999999999999,0.8647899999999998,0.8648399999999999,2161
2026-06-01T05:00:00+00:00,0.8648399999999999,0.8648999999999999,0.8646599999999999,0.8646999999999999,4136
2026-06-01T06:00:00+00:00,0.8646999999999999,0.8650799999999998,0.8644099999999999,0.8650699999999999,8229
2026-06-01T07:00:00+00:00,0.8650699999999999,0.8653799999999999,0.8648599999999999,0.8652599999999999,7471
2026-06-01T08:00:00+00:00,0.8652599999999999,0.8652799999999999,0.8644899999999999,0.8646699999999999,6619
2026-06-01T09:00:00+00:00,0.8646699999999999,0.8649299999999999,0.8643799999999999,0.8648699999999999,7143
2026-06-01T10:00:00+00:00,0.8648699999999999,0.8649799999999999,0.8643299999999999,0.8644099999999999,6113
2026-06-01T11:00:00+00:00,0.8644099999999999,0.8644199999999999,0.8640699999999999,0.8641699999999999,6230
2026-06-01T12:00:00+00:00,0.8641699999999999,0.8644199999999999,0.8641099999999999,0.8643599999999999,7525
2026-06-01T13:00:00+00:00,0.8643599999999999,0.8651199999999999,0.8643499999999998,0.8647099999999999,17034
2026-06-01T14:00:00+00:00,0.8647099999999999,0.8650499999999999,0.8637999999999999,0.8638699999999999,14473
2026-06-01T15:00:00+00:00,0.8638699999999999,0.8641299999999998,0.8634399999999999,0.8634999999999999,12613
2026-06-01T16:00:00+00:00,0.8634999999999999,0.8636899999999998,0.8631399999999999,0.8632599999999999,9864
2026-06-01T17:00:00+00:00,0.8632599999999999,0.8634299999999999,0.8630199999999999,0.8633599999999999,9911
2026-06-01T18:00:00+00:00,0.8633599999999999,0.8635799999999999,0.8633199999999999,0.8635599999999999,4482
2026-06-01T19:00:00+00:00,0.8635599999999999,0.8636699999999999,0.8634499999999999,0.8635099999999999,6086
2026-06-01T20:00:00+00:00,0.8635099999999999,0.8638099999999999,0.8634799999999999,0.8635399999999999,3670
2026-06-01T21:00:00+00:00,0.8635399999999999,0.8637699999999999,0.8630599999999999,0.8634699999999998,12986
2026-06-01T22:00:00+00:00,0.8634699999999998,0.8638299999999999,0.8633999999999998,0.8637399999999998,1202.665320456541
2026-06-01T23:00:00+00:00,0.8637399999999998,0.8637699999999998,0.8636599999999999,0.8636999999999999,1576
2026-06-02T00:00:00+00:00,0.8636999999999999,0.8637899999999998,0.8634699999999998,0.8637899999999998,3167
2026-06-02T01:00:00+00:00,0.8637899999999998,0.8638699999999999,0.8636099999999999,0.8638599999999999,5394
2026-06-02T02:00:00+00:00,0.8638599999999999,0.8639399999999998,0.8637399999999998,0.8637799999999999,3053
2026-06-02T03:00:00+00:00,0.8637799999999999,0.8638299999999999,0.8637099999999999,0.8637099999999999,2882
2026-06-02T04:00:00+00:00,0.8637099999999999,0.8638299999999999,0.8635699999999998,0.8636099999999999,2975
2026-06-02T05:00:00+00:00,0.8636099999999999,0.8637499999999999,0.8634699999999998,0.8637499999999999,2943
2026-06-02T06:00:00+00:00,0.8637499999999999,0.8637799999999999,0.8633699999999999,0.8636799999999999,7111
2026-06-02T07:00:00+00:00,0.8636799999999999,0.8639799999999999,0.8635299999999999,0.8638999999999999,7769
2026-06-02T08:00:00+00:00,0.8638999999999999,0.8642699999999999,0.8638299999999999,0.8640699999999999,7070
2026-06-02T09:00:00+00:00,0.8640699999999999,0.8641099999999998,0.8635899999999999,0.8636099999999999,5661
2026-06-02T10:00:00+00:00,0.8636099999999999,0.8638099999999999,0.8633799999999998,0.8638099999999999,5152
2026-06-02T11:00:00+00:00,0.8638099999999999,0.8641699999999999,0.8637099999999999,0.8638499999999999,6257
2026-06-02T12:00:00+00:00,0.8638499999999999,0.8641299999999998,0.8638199999999999,0.8640499999999999,7656
2026-06-02T13:00:00+00:00,0.8640499999999999,0.8641499999999999,0.8633799999999998,0.8635799999999999,10683
2026-06-02T14:00:00+00:00,0.8635799999999999,0.8637399999999998,0.8632899999999999,0.8635199999999998,11147
2026-06-02T15:00:00+00:00,0.8635199999999998,0.8635199999999998,0.8627599999999999,0.8628599999999998,10873
2026-06-02T16:00:00+00:00,0.8628599999999998,0.8629299999999999,0.8624699999999998,0.8627799999999999,6908
2026-06-02T17:00:00+00:00,0.8627799999999999,0.8628699999999999,0.8626099999999999,0.8627299999999999,5861
2026-06-02T18:00:00+00:00,0.8627299999999999,0.8627799999999999,0.8624399999999999,0.8625999999999999,6502
2026-06-02T19:00:00+00:00,0.8625999999999999,0.8629299999999999,0.8625799999999999,0.8629299999999999,3938
2026-06-02T20:00:00+00:00,0.8629299999999999,0.8631699999999999,0.8628199999999999,0.8629899999999999,3275
2026-06-02T21:00:00+00:00,0.8629899999999999,0.8629999999999999,0.8625299999999999,0.8625499999999999,2676.5918265221017
2026-06-02T22:00:00+00:00,0.8625499999999999,0.86291,0.8625499999999999,0.86291,1111
2026-06-02T23:00:00+00:00,0.86291,0.8631599999999999,0.8628299999999999,0.86308,2771
2026-06-03T00:00:00+00:00,0.86308,0.8630999999999999,0.86279,0.8628399999999999,3663
2026-06-03T01:00:00+00:00,0.8628399999999999,0.8628899999999999,0.8626999999999999,0.8627699999999999,4703
2026-06-03T02:00:00+00:00,0.8627699999999999,0.8629399999999999,0.86264,0.8629399999999999,3157
2026-06-03T03:00:00+00:00,0.8629399999999999,0.8630499999999999,0.8628399999999999,0.8628899999999999,2334
2026-06-03T04:00:00+00:00,0.8628899999999999,0.8629899999999999,0.8628699999999999,0.8629399999999999,1976
2026-06-03T05:00:00+00:00,0.8629399999999999,0.8631599999999999,0.8628299999999999,0.8630899999999999,3282
2026-06-03T06:00:00+00:00,0.8630899999999999,0.8635099999999999,0.8628499999999999,0.8628899999999999,7845
2026-06-03T07:00:00+00:00,0.8628899999999999,0.86313,0.8624999999999999,0.8625099999999999,7975
2026-06-03T08:00:00+00:00,0.8625099999999999,0.8628399999999999,0.8623999999999999,0.8627599999999999,7664
2026-06-03T09:00:00+00:00,0.8627599999999999,0.86296,0.8626199999999999,0.8628199999999999,6428
2026-06-03T10:00:00+00:00,0.8628199999999999,0.8632199999999999,0.8625799999999999,0.8629199999999999,7629
2026-06-03T11:00:00+00:00,0.8629199999999999,0.8632399999999999,0.8627299999999999,0.8630399999999999,6511
2026-06-03T12:00:00+00:00,0.8630399999999999,0.8630699999999999,0.8627299999999999,0.8628799999999999,10269
2026-06-03T13:00:00+00:00,0.8628799999999999,0.8635399999999999,0.86281,0.86335,12730
2026-06-03T14:00:00+00:00,0.86335,0.8635299999999999,0.86296,0.8634599999999999,14898
2026-06-03T15:00:00+00:00,0.8634599999999999,0.8635399999999999,0.8628699999999999,0.8630399999999999,12218
2026-06-03T16:00:00+00:00,0.8630399999999999,0.86359,0.8629899999999999,0.86347,9572
2026-06-03T17:00:00+00:00,0.86347,0.8638199999999999,0.8632699999999999,0.8637799999999999,5843
2026-06-03T18:00:00+00:00,0.8637799999999999,0.8638399999999999,0.86364,0.8637199999999999,4634
2026-06-03T19:00:00+00:00,0.8637199999999999,0.8637599999999999,0.8634899999999999,0.8635099999999999,4466.075
2026-06-03T20:00:00+00:00,0.8635099999999999,0.8638099999999999,0.8634399999999999,0.8635999999999999,3165
2026-06-03T21:00:00+00:00,0.8635999999999999,0.86376,0.8632799999999998,0.86342,2701.163973668462
2026-06-03T22:00:00+00:00,0.86342,0.8640399999999999,0.86342,0.8639199999999999,1215.048166657948
2026-06-03T23:00:00+00:00,0.8639199999999999,0.86405,0.86383,0.8639199999999999,1769
2026-06-04T00:00:00+00:00,0.8639199999999999,0.864,0.8636499999999999,0.8637999999999999,3899
2026-06-04T01:00:00+00:00,0.8637999999999999,0.86402,0.86376,0.8638899999999999,4760
2026-06-04T02:00:00+00:00,0.8638899999999999,0.8640899999999999,0.8638899999999999,0.86402,3781
2026-06-04T03:00:00+00:00,0.86402,0.86408,0.86386,0.8639199999999999,2968
2026-06-04T04:00:00+00:00,0.8639199999999999,0.8639399999999999,0.8636699999999999,0.86369,2807
2026-06-04T05:00:00+00:00,0.86369,0.8640399999999999,0.8636499999999999,0.8638699999999999,3573
2026-06-04T06:00:00+00:00,0.8638699999999999,0.86407,0.86374,0.86395,5998
2026-06-04T07:00:00+00:00,0.86395,0.8642,0.86373,0.8638399999999999,7005
2026-06-04T08:00:00+00:00,0.8638399999999999,0.86401,0.86351,0.86398,7340
2026-06-04T09:00:00+00:00,0.86398,0.8645799999999999,0.8639399999999999,0.8644799999999999,8115
2026-06-04T10:00:00+00:00,0.8644799999999999,0.8648699999999999,0.8644299999999999,0.8644499999999999,7443
2026-06-04T11:00:00+00:00,0.8644499999999999,0.86447,0.8641,0.8642799999999999,9435
2026-06-04T12:00:00+00:00,0.8642799999999999,0.8643799999999999,0.86403,0.8641099999999999,8923
2026-06-04T13:00:00+00:00,0.8641099999999999,0.86461,0.8641,0.86434,11220
2026-06-04T14:00:00+00:00,0.86434,0.86493,0.86425,0.8644299999999999,11355
2026-06-04T15:00:00+00:00,0.8644299999999999,0.8647999999999999,0.86434,0.86456,9732
2026-06-04T16:00:00+00:00,0.86456,0.86478,0.8643799999999999,0.8644299999999999,6820
2026-06-04T17:00:00+00:00,0.8644299999999999,0.86479,0.86434,0.86476,5022
2026-06-04T18:00:00+00:00,0.86476,0.8647999999999999,0.8643799999999999,0.86447,4535
2026-06-04T19:00:00+00:00,0.86447,0.86452,0.86424,0.86435,3891
2026-06-04T20:00:00+00:00,0.86435,0.86442,0.86413,0.86413,2633
2026-06-04T21:00:00+00:00,0.86413,0.8643,0.86388,0.86417,4531.554693990584
2026-06-04T22:00:00+00:00,0.86417,0.86444,0.86413,0.86428,854
2026-06-04T23:00:00+00:00,0.86428,0.86446,0.86428,0.86439,1109
2026-06-05T00:00:00+00:00,0.86439,0.86461,0.86438,0.86439,3432
2026-06-05T01:00:00+00:00,0.86439,0.86466,0.86438,0.86442,5408
2026-06-05T02:00:00+00:00,0.86442,0.86448,0.8643,0.86444,3689
2026-06-05T03:00:00+00:00,0.86444,0.86448,0.86425,0.86432,3150
2026-06-05T04:00:00+00:00,0.86432,0.86437,0.86414,0.86424,3213
2026-06-05T05:00:00+00:00,0.86424,0.86449,0.8642,0.86445,2773
2026-06-05T06:00:00+00:00,0.86445,0.86453,0.86417,0.86432,6056
2026-06-05T07:00:00+00:00,0.86432,0.86462,0.86426,0.86439,6929
2026-06-05T08:00:00+00:00,0.86439,0.86479,0.8641,0.86413,7230
2026-06-05T09:00:00+00:00,0.86413,0.86429,0.86363,0.86368,6187
2026-06-05T10:00:00+00:00,0.86368,0.86376,0.86283,0.86319,5907
2026-06-05T11:00:00+00:00,0.86319,0.86366,0.86306,0.86364,6691
2026-06-05T12:00:00+00:00,0.86364,0.86374,0.86254,0.86366,16053
2026-06-05T13:00:00+00:00,0.86366,0.864,0.86251,0.86293,23580
2026-06-05T14:00:00+00:00,0.86293,0.86306,0.86243,0.86277,16416
2026-06-05T15:00:00+00:00,0.86277,0.8628,0.86234,0.8626,13403
2026-06-05T16:00:00+00:00,0.8626,0.86313,0.86252,0.86276,11760
2026-06-05T17:00:00+00:00,0.86276,0.86312,0.86254,0.86305,9577
2026-06-05T18:00:00+00:00,0.86305,0.86337,0.86303,0.86328,9506
2026-06-05T19:00:00+00:00,0.86328,0.86347,0.86312,0.86338,8873
2026-06-05T20:00:00+00:00,0.86338,0.86348,0.86207,0.86219,6968.512837053284
2026-06-07T21:00:00+00:00,0.86219,0.8626999999999999,0.8614799999999999,0.8625099999999999,1166.8898228298333
2026-06-07T22:00:00+00:00,0.8625099999999999,0.8631899999999999,0.8625099999999999,0.8629899999999999,3943
2026-06-07T23:00:00+00:00,0.8629899999999999,0.8630599999999999,0.8628999999999999,0.86296,2369.3734211971446
2026-06-08T00:00:00+00:00,0.86296,0.8630199999999999,0.8627999999999999,0.86291,3824
2026-06-08T01:00:00+00:00,0.86291,0.8633399999999999,0.86286,0.86318,7095
2026-06-08T02:00:00+00:00,0.86318,0.8633899999999999,0.86308,0.8631699999999999,5196
2026-06-08T03:00:00+00:00,0.8631699999999999,0.8633599999999999,0.86315,0.86335,2932.7388568991255
2026-06-08T04:00:00+00:00,0.86335,0.8634,0.8631399999999999,0.86337,3603
2026-06-08T05:00:00+00:00,0.86337,0.8635099999999999,0.8631699999999999,0.8632199999999999,6471
2026-06-08T06:00:00+00:00,0.8632199999999999,0.8635799999999999,0.8631899999999999,0.86325,9339
2026-06-08T07:00:00+00:00,0.86325,0.86335,0.8625299999999999,0.8630399999999999,10694
2026-06-08T08:00:00+00:00,0.8630399999999999,0.8631599999999999,0.86274,0.8628299999999999,10013
2026-06-08T09:00:00+00:00,0.8628299999999999,0.8632799999999999,0.8626299999999999,0.86279,10794
2026-06-08T10:00:00+00:00,0.86279,0.8630599999999999,0.8626699999999999,0.8627499999999999,9637
2026-06-08T11:00:00+00:00,0.8627499999999999,0.86286,0.8621699999999999,0.8624499999999999,10306
2026-06-08T12:00:00+00:00,0.8624499999999999,0.86357,0.86237,0.86347,9681
2026-06-08T13:00:00+00:00,0.86347,0.8636799999999999,0.8631699999999999,0.86335,13204
2026-06-08T14:00:00+00:00,0.86335,0.8639999999999999,0.8631199999999999,0.8639899999999999,14392
2026-06-08T15:00:00+00:00,0.8639899999999999,0.8640899999999999,0.8636499999999999,0.86388,11900
2026-06-08T16:00:00+00:00,0.86388,0.8639999999999999,0.86364,0.8636999999999999,7717
2026-06-08T17:00:00+00:00,0.8636999999999999,0.86381,0.8635099999999999,0.8635099999999999,7130
2026-06-08T18:00:00+00:00,0.8635099999999999,0.86354,0.86315,0.8631899999999999,6757
2026-06-08T19:00:00+00:00,0.8631899999999999,0.8633799999999999,0.8631899999999999,0.8632399999999999,6233
2026-06-08T20:00:00+00:00,0.8632399999999999,0.8635499999999999,0.86318,0.86337,4008
2026-06-08T21:00:00+00:00,0.86337,0.8636299999999999,0.8627999999999999,0.8635099999999999,5573
2026-06-08T22:00:00+00:00,0.8635099999999999,0.86364,0.8633599999999999,0.86348,1112.014669547207
2026-06-08T23:00:00+00:00,0.86348,0.8635200000000001,0.86337,0.86351,1572
2026-06-09T00:00:00+00:00,0.86351,0.86363,0.86349,0.86355,5154
2026-06-09T01:00:00+00:00,0.86355,0.86363,0.86321,0.86322,4811
2026-06-09T02:00:00+00:00,0.86322,0.8633000000000001,0.86312,0.86321,3653
2026-06-09T03:00:00+00:00,0.86321,0.86327,0.8631,0.86322,3833
2026-06-09T04:00:00+00:00,0.86322,0.86331,0.86306,0.86307,2934
2026-06-09T05:00:00+00:00,0.86307,0.86309,0.8628,0.86292,4973
2026-06-09T06:00:00+00:00,0.86292,0.86303,0.86266,0.86277,6805
2026-06-09T07:00:00+00:00,0.86277,0.86293,0.86198,0.86214,10111
2026-06-09T08:00:00+00:00,0.86214,0.86226,0.86165,0.8622,8072
2026-06-09T09:00:00+00:00,0.8622,0.86256,0.86198,0.86249,5914
2026-06-09T10:00:00+00:00,0.86249,0.86265,0.86222,0.8623000000000001,6101
2026-06-09T11:00:00+00:00,0.8623000000000001,0.8625200000000001,0.86219,0.86236,5906
2026-06-09T12:00:00+00:00,0.86236,0.86254,0.86212,0.86237,7482
2026-06-09T13:00:00+00:00,0.86237,0.86263,0.86199,0.86221,12854
2026-06-09T14:00:00+00:00,0.86221,0.86237,0.86167,0.86197,18465
2026-06-09T15:00:00+00:00,0.86197,0.86248,0.86175,0.86205,15079
2026-06-09T16:00:00+00:00,0.86205,0.86228,0.8617900000000001,0.86201,18575
2026-06-09T17:00:00+00:00,0.86201,0.86206,0.86172,0.8617900000000001,14012
2026-06-09T18:00:00+00:00,0.8617900000000001,0.86188,0.8615200000000001,0.86161,7645
2026-06-09T19:00:00+00:00,0.86161,0.86165,0.86139,0.86155,7211
2026-06-09T20:00:00+00:00,0.86155,0.86178,0.86143,0.86159,3454
2026-06-09T21:00:00+00:00,0.86159,0.8618600000000001,0.86124,0.86168,6804
2026-06-09T22:00:00+00:00,0.86168,0.86183,0.86155,0.8616400000000001,1311
2026-06-09T23:00:00+00:00,0.8616400000000001,0.86182,0.86155,0.86159,2393
2026-06-10T00:00:00+00:00,0.86159,0.86173,0.86151,0.86166,5601
2026-06-10T01:00:00+00:00,0.86166,0.86173,0.86148,0.86156,5331
2026-06-10T02:00:00+00:00,0.86156,0.86167,0.86149,0.8616,4557
2026-06-10T03:00:00+00:00,0.8616,0.86167,0.86153,0.86159,3868
2026-06-10T04:00:00+00:00,0.86159,0.86178,0.8615700000000001,0.86173,3916
2026-06-10T05:00:00+00:00,0.86173,0.86185,0.86158,0.86172,4715
2026-06-10T06:00:00+00:00,0.86172,0.86184,0.8614700000000001,0.86182,6894
2026-06-10T07:00:00+00:00,0.86182,0.86205,0.86168,0.8617400000000001,7369
2026-06-10T08:00:00+00:00,0.8617400000000001,0.86202,0.86151,0.86201,8070
2026-06-10T09:00:00+00:00,0.86201,0.86224,0.8615,0.86161,7892
2026-06-10T10:00:00+00:00,0.86161,0.8617,0.8613000000000001,0.86161,6414
2026-06-10T11:00:00+00:00,0.86161,0.86162,0.86114,0.86123,12153
2026-06-10T12:00:00+00:00,0.86123,0.86155,0.86063,0.86143,14873
2026-06-10T13:00:00+00:00,0.86143,0.86154,0.86097,0.86115,14802
2026-06-10T14:00:00+00:00,0.86115,0.8613000000000001,0.8609,0.86093,17650
2026-06-10T15:00:00+00:00,0.86093,0.86175,0.86089,0.8614700000000001,15463
2026-06-10T16:00:00+00:00,0.8614700000000001,0.86188,0.8614200000000001,0.86181,10605
2026-06-10T17:00:00+00:00,0.86181,0.86187,0.86154,0.86158,9109
2026-06-10T18:00:00+00:00,0.86158,0.86209,0.86155,0.86204,9837
2026-06-10T19:00:00+00:00,0.86204,0.8621800000000001,0.8619,0.86202,7884
2026-06-10T20:00:00+00:00,0.86202,0.86204,0.86176,0.86178,4210
2026-06-10T21:00:00+00:00,0.86178,0.8618500000000001,0.8609900000000001,0.8615600000000001,12153.186769765343
2026-06-10T22:00:00+00:00,0.8615600000000001,0.8621800000000002,0.8614400000000002,0.8621300000000002,3308
2026-06-10T23:00:00+00:00,0.8621300000000002,0.8623200000000002,0.8620500000000002,0.86216,5866.301340393844
2026-06-11T00:00:00+00:00,0.86216,0.8622400000000001,0.8620400000000001,0.8621300000000001,5594
2026-06-11T01:00:00+00:00,0.8621300000000001,0.86216,0.8617100000000001,0.86201,5570
2026-06-11T02:00:00+00:00,0.86201,0.8620900000000001,0.8618800000000001,0.8619900000000001,6236
2026-06-11T03:00:00+00:00,0.8619900000000001,0.8620300000000001,0.8617800000000001,0.8618300000000001,5773
2026-06-11T04:00:00+00:00,0.8618300000000001,0.8618800000000001,0.8616400000000001,0.8617300000000001,4856
2026-06-11T05:00:00+00:00,0.8617300000000001,0.8618500000000001,0.8616500000000001,0.86184,5321
2026-06-11T06:00:00+00:00,0.86184,0.86189,0.8615600000000001,0.86162,6847
2026-06-11T07:00:00+00:00,0.86162,0.8617800000000001,0.8615200000000001,0.8615700000000001,8246
2026-06-11T08:00:00+00:00,0.8615700000000001,0.8620200000000001,0.8613100000000001,0.8618100000000001,8087
2026-06-11T09:00:00+00:00,0.8618100000000001,0.8620700000000001,0.8617400000000001,0.8618300000000001,6623
2026-06-11T10:00:00+00:00,0.8618300000000001,0.8620500000000001,0.86167,0.8620200000000001,7147
2026-06-11T11:00:00+00:00,0.8620200000000001,0.8624400000000001,0.8619200000000001,0.86216,8039
2026-06-11T12:00:00+00:00,0.86216,0.8626900000000001,0.8617300000000001,0.8625600000000001,18622
2026-06-11T13:00:00+00:00,0.8625600000000001,0.8627900000000001,0.8622100000000001,0.86228,16715
2026-06-11T14:00:00+00:00,0.86228,0.8631900000000001,0.86223,0.8631700000000001,16692
2026-06-11T15:00:00+00:00,0.8631700000000001,0.8632900000000001,0.8621400000000001,0.8623100000000001,16555
2026-06-11T16:00:00+00:00,0.8623100000000001,0.8623400000000001,0.8619600000000001,0.8620400000000001,9884
2026-06-11T17:00:00+00:00,0.8620400000000001,0.86228,0.8613900000000001,0.8616000000000001,23776
2026-06-11T18:00:00+00:00,0.8616000000000001,0.8618200000000001,0.8614600000000001,0.8615400000000001,17859
2026-06-11T19:00:00+00:00,0.8615400000000001,0.8619300000000001,0.86145,0.8619000000000001,14743
2026-06-11T20:00:00+00:00,0.8619000000000001,0.8620700000000001,0.8616800000000001,0.8618000000000001,6662
2026-06-11T21:00:00+00:00,0.8618000000000001,0.8618800000000002,0.8611000000000001,0.8613900000000002,2607.8217713540744
2026-06-11T22:00:00+00:00,0.8613900000000002,0.8618000000000002,0.8613200000000002,0.8618000000000002,1710
2026-06-11T23:00:00+00:00,0.8618000000000002,0.8618100000000002,0.8616400000000002,0.8617000000000001,2358
2026-06-12T00:00:00+00:00,0.8617000000000001,0.8617300000000002,0.8614700000000002,0.8616500000000001,4762
2026-06-12T01:00:00+00:00,0.8616500000000001,0.8617300000000002,0.8615000000000002,0.8615300000000002,7107
2026-06-12T02:00:00+00:00,0.8615300000000002,0.8616500000000001,0.8614200000000002,0.8615500000000001,4527
2026-06-12T03:00:00+00:00,0.8615500000000001,0.8616100000000002,0.8613600000000002,0.8614400000000002,4487
2026-06-12T04:00:00+00:00,0.8614400000000002,0.8616500000000001,0.8613500000000002,0.8616100000000002,2856
2026-06-12T05:00:00+00:00,0.8616100000000002,0.8617900000000002,0.8615000000000002,0.8615000000000002,5669
2026-06-12T06:00:00+00:00,0.8615000000000002,0.8621500000000002,0.8613300000000002,0.8620400000000001,8894
2026-06-12T07:00:00+00:00,0.8620400000000001,0.8623600000000002,0.8617200000000002,0.8621300000000002,10960
2026-06-12T08:00:00+00:00,0.8621300000000002,0.8623200000000002,0.8617200000000002,0.8618900000000002,12228
2026-06-12T09:00:00+00:00,0.8618900000000002,0.8621800000000002,0.8617600000000002,0.8619700000000002,8713
2026-06-12T10:00:00+00:00,0.8619700000000002,0.8621500000000002,0.8616500000000001,0.8618300000000002,8737
2026-06-12T11:00:00+00:00,0.8618300000000002,0.8618400000000002,0.8615400000000002,0.8617300000000002,7242
2026-06-12T12:00:00+00:00,0.8617300000000002,0.8622500000000002,0.8616900000000002,0.8621500000000002,9755
2026-06-12T13:00:00+00:00,0.8621500000000002,0.8624500000000002,0.8619300000000002,0.8621900000000002,14165
2026-06-12T14:00:00+00:00,0.8621900000000002,0.8624900000000002,0.8615700000000002,0.8616100000000002,16586
2026-06-12T15:00:00+00:00,0.8616100000000002,0.8620300000000002,0.8615400000000002,0.8616100000000002,16305
2026-06-12T16:00:00+00:00,0.8616100000000002,0.8618100000000002,0.8615000000000002,0.8615800000000002,11784
2026-06-12T17:00:00+00:00,0.8615800000000002,0.8615800000000002,0.8613500000000002,0.8615000000000002,7584
2026-06-12T18:00:00+00:00,0.8615000000000002,0.8616400000000002,0.8614600000000002,0.8615700000000002,6371
2026-06-12T19:00:00+00:00,0.8615700000000002,0.8616700000000002,0.8614100000000002,0.8616200000000002,6146
2026-06-12T20:00:00+00:00,0.8616200000000002,0.8619400000000002,0.8606700000000002,0.8613200000000002,4674.635216572505
2026-06-14T21:00:00+00:00,0.8613200000000002,0.8634300000000001,0.8612800000000003,0.8629600000000002,3190.971326617257
2026-06-14T22:00:00+00:00,0.8629600000000002,0.8636800000000001,0.8620600000000002,0.8622300000000002,8445
2026-06-14T23:00:00+00:00,0.8622300000000002,0.8623100000000001,0.8619400000000002,0.8619500000000001,3688
2026-06-15T00:00:00+00:00,0.8619500000000001,0.8620800000000002,0.8617500000000001,0.8620500000000002,5941
2026-06-15T01:00:00+00:00,0.8620500000000002,0.8624000000000002,0.8619800000000002,0.8623600000000001,5525
2026-06-15T02:00:00+00:00,0.8623600000000001,0.8624800000000001,0.8623100000000001,0.8623800000000001,3849
2026-06-15T03:00:00+00:00,0.8623800000000001,0.8625100000000001,0.8622700000000002,0.8624900000000002,2941
2026-06-15T04:00:00+00:00,0.8624900000000002,0.8626600000000002,0.8624500000000002,0.8626300000000001,2627
2026-06-15T05:00:00+00:00,0.8626300000000001,0.8627400000000002,0.8625400000000002,0.8626400000000002,3925
2026-06-15T06:00:00+00:00,0.8626400000000002,0.8629300000000002,0.8624800000000001,0.8626900000000002,6138
2026-06-15T07:00:00+00:00,0.8626900000000002,0.8635500000000002,0.8625300000000001,0.8633000000000002,9057
2026-06-15T08:00:00+00:00,0.8633000000000002,0.8635900000000002,0.8632900000000001,0.8635600000000001,6350
2026-06-15T09:00:00+00:00,0.8635600000000001,0.8639000000000001,0.8633800000000001,0.8637200000000002,5808
2026-06-15T10:00:00+00:00,0.8637200000000002,0.8642300000000002,0.8635200000000002,0.8641100000000002,5642
2026-06-15T11:00:00+00:00,0.8641100000000002,0.8644000000000002,0.8638700000000001,0.8641000000000002,6701
2026-06-15T12:00:00+00:00,0.8641000000000002,0.8644700000000002,0.8640000000000002,0.8641700000000001,8296
2026-06-15T13:00:00+00:00,0.8641700000000001,0.8641900000000001,0.8635900000000002,0.8639900000000001,10332
2026-06-15T14:00:00+00:00,0.8639900000000001,0.8640200000000001,0.8627200000000002,0.8629300000000002,12873
2026-06-15T15:00:00+00:00,0.8629300000000002,0.8632700000000002,0.8626700000000002,0.8632000000000002,8098
2026-06-15T16:00:00+00:00,0.8632000000000002,0.8633800000000001,0.8630200000000001,0.8633100000000001,6655
2026-06-15T17:00:00+00:00,0.8633100000000001,0.8633400000000001,0.8630100000000002,0.8630700000000001,4828
2026-06-15T18:00:00+00:00,0.8630700000000001,0.8634600000000001,0.8630100000000002,0.8633200000000002,5804
2026-06-15T19:00:00+00:00,0.8633200000000002,0.8634700000000002,0.8631900000000001,0.8632900000000001,6171
2026-06-15T20:00:00+00:00,0.8632900000000001,0.8635900000000002,0.8631600000000001,0.8632100000000001,4311
2026-06-15T21:00:00+00:00,0.8632100000000001,0.8634900000000002,0.8620100000000002,0.8633900000000001,8499
2026-06-15T22:00:00+00:00,0.8633900000000001,0.8635300000000001,0.8631900000000001,0.8633200000000002,1302.18551678736
2026-06-15T23:00:00+00:00,0.8633200000000002,0.8633900000000001,0.8632500000000002,0.8632700000000002,1237
2026-06-16T00:00:00+00:00,0.8632700000000002,0.8635400000000002,0.8632700000000002,0.8635300000000001,3865
2026-06-16T01:00:00+00:00,0.8635300000000001,0.8636900000000002,0.8633800000000001,0.8636000000000001,5672
2026-06-16T02:00:00+00:00,0.8636000000000001,0.8638400000000002,0.8635800000000001,0.8637400000000002,3844
2026-06-16T03:00:00+00:00,0.8637400000000002,0.8637800000000001,0.8636400000000002,0.8637000000000001,3093
2026-06-16T04:00:00+00:00,0.8637000000000001,0.8637500000000001,0.8635000000000002,0.8635400000000002,4370
2026-06-16T05:00:00+00:00,0.8635400000000002,0.8636000000000001,0.8633800000000001,0.8635700000000002,3085
2026-06-16T06:00:00+00:00,0.8635700000000002,0.8637200000000002,0.8634200000000002,0.8636100000000002,6967
2026-06-16T07:00:00+00:00,0.8636100000000002,0.8637600000000002,0.8632900000000001,0.8635500000000002,7707
2026-06-16T08:00:00+00:00,0.8635500000000002,0.8640400000000001,0.8634900000000002,0.8638200000000001,6998
2026-06-16T09:00:00+00:00,0.8638200000000001,0.8642100000000001,0.8637200000000002,0.8640100000000002,6604
2026-06-16T10:00:00+00:00,0.8640100000000002,0.8643900000000001,0.8637900000000002,0.8638700000000001,5984
2026-06-16T11:00:00+00:00,0.8638700000000001,0.8641800000000002,0.8638100000000002,0.8638800000000002,6854
2026-06-16T12:00:00+00:00,0.8638800000000002,0.8641400000000001,0.8637700000000001,0.8638800000000002,8220
2026-06-16T13:00:00+00:00,0.8638800000000002,0.8643500000000002,0.8636400000000002,0.8637300000000001,10688
2026-06-16T14:00:00+00:00,0.8637300000000001,0.8639200000000001,0.8633700000000002,0.8636900000000002,12650
2026-06-16T15:00:00+00:00,0.8636900000000002,0.8639600000000002,0.8635500000000002,0.8635800000000001,11448
2026-06-16T16:00:00+00:00,0.8635800000000001,0.8640500000000002,0.8635300000000001,0.8640200000000001,8573
2026-06-16T17:00:00+00:00,0.8640200000000001,0.8641700000000001,0.8639100000000002,0.8639200000000001,5573
2026-06-16T18:00:00+00:00,0.8639200000000001,0.8639800000000002,0.8638200000000001,0.8639000000000001,4601
2026-06-16T19:00:00+00:00,0.8639000000000001,0.8640400000000001,0.8637600000000002,0.8640000000000002,6058
2026-06-16T20:00:00+00:00,0.8640000000000002,0.8640900000000001,0.8637800000000001,0.8638200000000001,3118
2026-06-16T21:00:00+00:00,0.8638200000000001,0.8638400000000002,0.8632200000000002,0.8635000000000002,2704
2026-06-16T22:00:00+00:00,0.8635000000000002,0.8641000000000002,0.8635000000000002,0.8640400000000001,1311
2026-06-16T23:00:00+00:00,0.8640400000000001,0.8641300000000002,0.8639500000000001,0.8640100000000002,1496
2026-06-17T00:00:00+00:00,0.8640100000000002,0.8641400000000001,0.8639800000000002,0.8640700000000001,9156
2026-06-17T01:00:00+00:00,0.8640700000000001,0.8641300000000002,0.8638900000000002,0.8641100000000002,3831
2026-06-17T02:00:00+00:00,0.8641100000000002,0.8642200000000002,0.8639400000000002,0.8639500000000001,3161
2026-06-17T03:00:00+00:00,0.8639500000000001,0.8640400000000001,0.8638900000000002,0.8639500000000001,3133
2026-06-17T04:00:00+00:00,0.8639500000000001,0.8639600000000002,0.8637500000000001,0.8638500000000001,2904
2026-06-17T05:00:00+00:00,0.8638500000000001,0.8640800000000002,0.8637800000000001,0.8638400000000002,3590
2026-06-17T06:00:00+00:00,0.8638400000000002,0.8646900000000002,0.8629500000000001,0.8645900000000002,6797
2026-06-17T07:00:00+00:00,0.8645900000000002,0.8648800000000002,0.8641600000000002,0.8642200000000002,6854
2026-06-17T08:00:00+00:00,0.8642200000000002,0.8644100000000001,0.8639600000000002,0.8639700000000001,6495
2026-06-17T09:00:00+00:00,0.8639700000000001,0.8642600000000001,0.8639100000000002,0.8641000000000002,4742
2026-06-17T10:00:00+00:00,0.8641000000000002,0.8641800000000002,0.8638300000000002,0.8639200000000001,5387
2026-06-17T11:00:00+00:00,0.8639200000000001,0.8640400000000001,0.8637400000000002,0.8639900000000001,5890
2026-06-17T12:00:00+00:00,0.8639900000000001,0.8642000000000002,0.8638300000000002,0.8641200000000001,6047
2026-06-17T13:00:00+00:00,0.8641200000000001,0.8644000000000002,0.8638700000000001,0.8643000000000002,8680
2026-06-17T14:00:00+00:00,0.8643000000000002,0.8647100000000002,0.8641100000000002,0.8645500000000002,12168
2026-06-17T15:00:00+00:00,0.8645500000000002,0.8649100000000002,0.8645400000000002,0.8646200000000002,9495
2026-06-17T16:00:00+00:00,0.8646200000000002,0.8648500000000001,0.8645000000000002,0.8645500000000002,6122
2026-06-17T17:00:00+00:00,0.8645500000000002,0.8647500000000001,0.8643000000000002,0.8643400000000001,6867
2026-06-17T18:00:00+00:00,0.8643400000000001,0.8645800000000001,0.8636200000000002,0.8644100000000001,38655
2026-06-17T19:00:00+00:00,0.8644100000000001,0.8653200000000002,0.8641400000000001,0.8644600000000001,32648
2026-06-17T20:00:00+00:00,0.8644600000000001,0.8646000000000001,0.8641900000000001,0.8643500000000002,7746
2026-06-17T21:00:00+00:00,0.8643500000000002,0.8647900000000002,0.8640500000000002,0.8646400000000002,3464
2026-06-17T22:00:00+00:00,0.8646400000000002,0.8646900000000002,0.8643400000000001,0.8645100000000001,1997.7123959889054
2026-06-17T23:00:00+00:00,0.8645100000000001,0.8646,0.86433,0.8644400000000001,3301.14014933946
2026-06-18T00:00:00+00:00,0.8644400000000001,0.8648100000000001,0.8642000000000001,0.8646900000000001,7515
2026-06-18T01:00:00+00:00,0.8646900000000001,0.8647300000000001,0.8643500000000001,0.86455,6635
2026-06-18T02:00:00+00:00,0.86455,0.86455,0.8644000000000001,0.8644900000000001,4513
2026-06-18T03:00:00+00:00,0.8644900000000001,0.86465,0.8643900000000001,0.8646,2844.490751748878
2026-06-18T04:00:00+00:00,0.8646,0.8647900000000001,0.8645600000000001,0.86475,4110
2026-06-18T05:00:00+00:00,0.86475,0.86484,0.8646400000000001,0.8647400000000001,4169
2026-06-18T06:00:00+00:00,0.8647400000000001,0.8647800000000001,0.8641500000000001,0.8646,9959
2026-06-18T07:00:00+00:00,0.8646,0.8653900000000001,0.86455,0.86514,11470
2026-06-18T08:00:00+00:00,0.86514,0.8665,0.86511,0.86621,11264
2026-06-18T09:00:00+00:00,0.86621,0.86663,0.8658500000000001,0.8660800000000001,11584
2026-06-18T10:00:00+00:00,0.8660800000000001,0.8662500000000001,0.8655600000000001,0.8656100000000001,10830
2026-06-18T11:00:00+00:00,0.8656100000000001,0.8668300000000001,0.8652000000000001,0.86655,13195
2026-06-18T12:00:00+00:00,0.86655,0.8665700000000001,0.86528,0.86599,14721
2026-06-18T13:00:00+00:00,0.86599,0.8662000000000001,0.8656200000000001,0.86587,16282
2026-06-18T14:00:00+00:00,0.86587,0.86611,0.8656100000000001,0.8660500000000001,15018
2026-06-18T15:00:00+00:00,0.8660500000000001,0.8666100000000001,0.8660000000000001,0.8664700000000001,13267
2026-06-18T16:00:00+00:00,0.8664700000000001,0.8670100000000001,0.8664200000000001,0.8664700000000001,11730
2026-06-18T17:00:00+00:00,0.8664700000000001,0.8671000000000001,0.8664400000000001,0.8670800000000001,8370
2026-06-18T18:00:00+00:00,0.8670800000000001,0.8672700000000001,0.86702,0.8672300000000001,7045
2026-06-18T19:00:00+00:00,0.8672300000000001,0.8675100000000001,0.8670800000000001,0.8673000000000001,9945
2026-06-18T20:00:00+00:00,0.8673000000000001,0.86738,0.8666,0.8666,5438
2026-06-18T21:00:00+00:00,0.8666,0.86719,0.8658600000000001,0.8666800000000001,3828
2026-06-18T22:00:00+00:00,0.8666800000000001,0.86738,0.8666400000000001,0.8673200000000001,2127
2026-06-18T23:00:00+00:00,0.8673200000000001,0.8673400000000001,0.8671700000000001,0.8672500000000001,2194
2026-06-19T00:00:00+00:00,0.8672500000000001,0.86738,0.8670100000000001,0.86702,5160
2026-06-19T01:00:00+00:00,0.86702,0.8673000000000001,0.8670000000000001,0.86726,4918
2026-06-19T02:00:00+00:00,0.86726,0.86731,0.86689,0.8669800000000001,3692
2026-06-19T03:00:00+00:00,0.8669800000000001,0.86721,0.86694,0.8669600000000001,5150
2026-06-19T04:00:00+00:00,0.8669600000000001,0.8674000000000001,0.8667800000000001,0.8671000000000001,6226
2026-06-19T05:00:00+00:00,0.8671000000000001,0.8671300000000001,0.8654900000000001,0.8656400000000001,8871
2026-06-19T06:00:00+00:00,0.8656400000000001,0.8664400000000001,0.86545,0.86619,8873
2026-06-19T07:00:00+00:00,0.86619,0.86687,0.8659000000000001,0.8667400000000001,8967
2026-06-19T08:00:00+00:00,0.8667400000000001,0.86704,0.8655700000000001,0.86567,8971
2026-06-19T09:00:00+00:00,0.86567,0.8657400000000001,0.8650100000000001,0.86516,7255
2026-06-19T10:00:00+00:00,0.86516,0.8657300000000001,0.8651500000000001,0.86536,7167
2026-06-19T11:00:00+00:00,0.86536,0.8658300000000001,0.8651800000000001,0.8656400000000001,7022
2026-06-19T12:00:00+00:00,0.8656400000000001,0.8661200000000001,0.8656300000000001,0.86599,7731
2026-06-19T13:00:00+00:00,0.86599,0.8665400000000001,0.86577,0.86636,9382
2026-06-19T14:00:00+00:00,0.86636,0.8667,0.8656800000000001,0.8661200000000001,12270
2026-06-19T15:00:00+00:00,0.8661200000000001,0.86677,0.86604,0.86653,8211
2026-06-19T16:00:00+00:00,0.86653,0.8666600000000001,0.8661800000000001,0.8662700000000001,4250
2026-06-19T17:00:00+00:00,0.8662700000000001,0.86665,0.8659800000000001,0.8665200000000001,5469
2026-06-19T18:00:00+00:00,0.8665200000000001,0.8667100000000001,0.86631,0.8665600000000001,5330
2026-06-19T19:00:00+00:00,0.8665600000000001,0.86675,0.8662900000000001,0.8663700000000001,6286
2026-06-19T20:00:00+00:00,0.8663700000000001,0.8667,0.8648300000000001,0.8648600000000001,4522.867655221632
2026-06-21T21:00:00+00:00,0.8648600000000001,0.86559,0.86465,0.86504,1745.7525337483398
2026-06-21T22:00:00+00:00,0.86504,0.86525,0.86465,0.86486,2033
2026-06-21T23:00:00+00:00,0.86486,0.86501,0.86475,0.86486,2079.910033546813
2026-06-22T00:00:00+00:00,0.86486,0.8649,0.86416,0.8642,5381
2026-06-22T01:00:00+00:00,0.8642,0.86425,0.86393,0.86414,6176
2026-06-22T02:00:00+00:00,0.86414,0.86415,0.86387,0.86395,3900
2026-06-22T03:00:00+00:00,0.86395,0.86412,0.8638,0.86407,4148
2026-06-22T04:00:00+00:00,0.86407,0.86453,0.864,0.86438,4735
2026-06-22T05:00:00+00:00,0.86438,0.86438,0.86395,0.86414,4504
2026-06-22T06:00:00+00:00,0.86414,0.8646,0.86388,0.86452,8395
2026-06-22T07:00:00+00:00,0.86452,0.86475,0.864,0.86448,9231
2026-06-22T08:00:00+00:00,0.86448,0.86497,0.8638399999999999,0.8641099999999999,11590
2026-06-22T09:00:00+00:00,0.8641099999999999,0.86413,0.86294,0.86313,9270
2026-06-22T10:00:00+00:00,0.86313,0.86314,0.86202,0.8624499999999999,9946
2026-06-22T11:00:00+00:00,0.8624499999999999,0.86264,0.86185,0.86198,8691
2026-06-22T12:00:00+00:00,0.86198,0.86208,0.8604499999999999,0.86076,11834
2026-06-22T13:00:00+00:00,0.86076,0.8608,0.85959,0.86027,16289
2026-06-22T14:00:00+00:00,0.86027,0.86068,0.8593,0.85995,18958
2026-06-22T15:00:00+00:00,0.85995,0.8602799999999999,0.8598399999999999,0.85994,11932
2026-06-22T16:00:00+00:00,0.85994,0.86008,0.85978,0.86005,9277
2026-06-22T17:00:00+00:00,0.86005,0.8602,0.85991,0.85993,5443
2026-06-22T18:00:00+00:00,0.85993,0.8600599999999999,0.85955,0.8596199999999999,5689
2026-06-22T19:00:00+00:00,0.8596199999999999,0.85969,0.85926,0.8593999999999999,5624
2026-06-22T20:00:00+00:00,0.8593999999999999,0.8596,0.85936,0.85944,3118
2026-06-22T21:00:00+00:00,0.85944,0.85944,0.85864,0.85919,2567.6529431578506
2026-06-22T22:00:00+00:00,0.85919,0.8596,0.85918,0.8595700000000001,1076
2026-06-22T23:00:00+00:00,0.8595700000000001,0.85961,0.85948,0.85961,1409
2026-06-23T00:00:00+00:00,0.85961,0.85987,0.85951,0.85971,5473
2026-06-23T01:00:00+00:00,0.85971,0.85991,0.85969,0.85983,5333
2026-06-23T02:00:00+00:00,0.85983,0.85992,0.8597400000000001,0.85988,3799
2026-06-23T03:00:00+00:00,0.85988,0.85994,0.85967,0.85969,4309
2026-06-23T04:00:00+00:00,0.85969,0.85995,0.85964,0.85983,3715
2026-06-23T05:00:00+00:00,0.85983,0.86011,0.8596,0.85963,5311
2026-06-23T06:00:00+00:00,0.85963,0.86039,0.8596,0.86014,9058
2026-06-23T07:00:00+00:00,0.86014,0.8605,0.85978,0.8598,13288
2026-06-23T08:00:00+00:00,0.8598,0.8602,0.85948,0.85993,10474
2026-06-23T09:00:00+00:00,0.85993,0.86022,0.85945,0.8595200000000001,8138
2026-06-23T10:00:00+00:00,0.8595200000000001,0.86007,0.85932,0.85941,8020
2026-06-23T11:00:00+00:00,0.85941,0.85943,0.8589,0.85903,8564
2026-06-23T12:00:00+00:00,0.85903,0.85919,0.85849,0.85903,10289
2026-06-23T13:00:00+00:00,0.85903,0.85958,0.85883,0.85897,14247
2026-06-23T14:00:00+00:00,0.85897,0.85945,0.85861,0.85922,14528
2026-06-23T15:00:00+00:00,0.85922,0.8601,0.85915,0.86001,10736
2026-06-23T16:00:00+00:00,0.86001,0.86003,0.85955,0.8599600000000001,7407
2026-06-23T17:00:00+00:00,0.8599600000000001,0.86005,0.85966,0.85991,5420
2026-06-23T18:00:00+00:00,0.85991,0.86019,0.85971,0.85976,4890
2026-06-23T19:00:00+00:00,0.85976,0.8598,0.85922,0.8593500000000001,5976
2026-06-23T20:00:00+00:00,0.8593500000000001,0.85936,0.85888,0.8589,2906
2026-06-23T21:00:00+00:00,0.8589,0.85918,0.85858,0.85916,1439
2026-06-23T22:00:00+00:00,0.85916,0.85928,0.859,0.85919,1208.3485540334855
2026-06-23T23:00:00+00:00,0.85919,0.85928,0.85906,0.85907,1654
2026-06-24T00:00:00+00:00,0.85907,0.85915,0.85882,0.8589,6869
2026-06-24T01:00:00+00:00,0.8589,0.85908,0.8587400000000001,0.85878,6211
2026-06-24T02:00:00+00:00,0.85878,0.85885,0.85851,0.85877,5668
2026-06-24T03:00:00+00:00,0.85877,0.85887,0.85812,0.85824,5853
2026-06-24T04:00:00+00:00,0.85824,0.85839,0.85822,0.8583,5091
2026-06-24T05:00:00+00:00,0.8583,0.8585200000000001,0.85826,0.8585200000000001,5036
2026-06-24T06:00:00+00:00,0.8585200000000001,0.8588,0.85811,0.85845,8556
2026-06-24T07:00:00+00:00,0.85845,0.85863,0.85743,0.85785,10774
2026-06-24T08:00:00+00:00,0.85785,0.85804,0.85727,0.85754,10087
2026-06-24T09:00:00+00:00,0.85754,0.8582,0.85738,0.85812,9005
2026-06-24T10:00:00+00:00,0.85812,0.859,0.85812,0.85895,8267
2026-06-24T11:00:00+00:00,0.85895,0.85927,0.85834,0.85855,9763
2026-06-24T12:00:00+00:00,0.85855,0.85893,0.85831,0.85851,12800
2026-06-24T13:00:00+00:00,0.85851,0.85897,0.8582,0.85887,16382
2026-06-24T14:00:00+00:00,0.85887,0.85986,0.85886,0.85969,14997
2026-06-24T15:00:00+00:00,0.85969,0.85984,0.85929,0.85943,13093
2026-06-24T16:00:00+00:00,0.85943,0.85961,0.85931,0.8595,9504
2026-06-24T17:00:00+00:00,0.8595,0.85981,0.85937,0.85971,8649
2026-06-24T18:00:00+00:00,0.85971,0.85982,0.85963,0.85972,7586
2026-06-24T19:00:00+00:00,0.85972,0.85988,0.85965,0.85967,6646
2026-06-24T20:00:00+00:00,0.85967,0.85977,0.85947,0.8595,5141
2026-06-24T21:00:00+00:00,0.8595,0.85983,0.85872,0.85941,3698.185832016853
2026-06-24T22:00:00+00:00,0.85941,0.85982,0.85941,0.85956,897
2026-06-24T23:00:00+00:00,0.85956,0.85971,0.8595099999999999,0.85959,1504.342967726297
2026-06-25T00:00:00+00:00,0.85959,0.8596699999999999,0.8593999999999999,0.8595999999999999,3814
2026-06-25T01:00:00+00:00,0.8595999999999999,0.8597299999999999,0.8593,0.8594299999999999,9321
2026-06-25T02:00:00+00:00,0.8594299999999999,0.8594799999999999,0.85932,0.8593999999999999,6599
2026-06-25T03:00:00+00:00,0.8593999999999999,0.85971,0.85937,0.85961,4451
2026-06-25T04:00:00+00:00,0.85961,0.8596799999999999,0.8593999999999999,0.8594099999999999,3486
2026-06-25T05:00:00+00:00,0.8594099999999999,0.8594799999999999,0.8592399999999999,0.8593399999999999,4980
2026-06-25T06:00:00+00:00,0.8593399999999999,0.85959,0.8588999999999999,0.8588999999999999,7519
2026-06-25T07:00:00+00:00,0.8588999999999999,0.85908,0.8584099999999999,0.8586499999999999,8574
2026-06-25T08:00:00+00:00,0.8586499999999999,0.8591399999999999,0.8585799999999999,0.8588999999999999,7832
2026-06-25T09:00:00+00:00,0.8588999999999999,0.8591399999999999,0.8586199999999999,0.8587799999999999,6032
2026-06-25T10:00:00+00:00,0.8587799999999999,0.8591899999999999,0.8586199999999999,0.8586699999999999,6346
2026-06-25T11:00:00+00:00,0.8586699999999999,0.8589399999999999,0.8585799999999999,0.85893,6484
2026-06-25T12:00:00+00:00,0.85893,0.85922,0.8587199999999999,0.8587899999999999,12444
2026-06-25T13:00:00+00:00,0.8587899999999999,0.8588999999999999,0.85825,0.8586799999999999,13510
2026-06-25T14:00:00+00:00,0.8586799999999999,0.85925,0.85813,0.85874,16464
2026-06-25T15:00:00+00:00,0.85874,0.8589699999999999,0.8584999999999999,0.8585799999999999,14183
2026-06-25T16:00:00+00:00,0.8585799999999999,0.8586299999999999,0.8582899999999999,0.8584099999999999,8591
2026-06-25T17:00:00+00:00,0.8584099999999999,0.85874,0.8583799999999999,0.85864,7090
2026-06-25T18:00:00+00:00,0.85864,0.8589999999999999,0.85864,0.8588199999999999,7576
2026-06-25T19:00:00+00:00,0.8588199999999999,0.8588999999999999,0.85864,0.8586799999999999,7610
2026-06-25T20:00:00+00:00,0.8586799999999999,0.8591,0.85866,0.85888,4736
2026-06-25T21:00:00+00:00,0.85888,0.8589699999999999,0.8580699999999999,0.8587199999999999,4591.144756838906
2026-06-25T22:00:00+00:00,0.8587199999999999,0.85898,0.8586699999999999,0.8589199999999999,1358
2026-06-25T23:00:00+00:00,0.8589199999999999,0.85893,0.8585999999999999,0.8586199999999999,3104
2026-06-26T00:00:00+00:00,0.8586199999999999,0.85869,0.8584099999999999,0.8585499999999999,5202
2026-06-26T01:00:00+00:00,0.8585499999999999,0.8585699999999999,0.8581699999999999,0.8582799999999999,6611
2026-06-26T02:00:00+00:00,0.8582799999999999,0.8587999999999999,0.8582399999999999,0.8587299999999999,5703
2026-06-26T03:00:00+00:00,0.8587299999999999,0.85883,0.8586199999999999,0.8586999999999999,5076
2026-06-26T04:00:00+00:00,0.8586999999999999,0.8588999999999999,0.8585999999999999,0.8588899999999999,4932
2026-06-26T05:00:00+00:00,0.8588899999999999,0.8589499999999999,0.8586799999999999,0.8587699999999999,5856
2026-06-26T06:00:00+00:00,0.8587699999999999,0.8593099999999999,0.8586799999999999,0.8590399999999999,8538
2026-06-26T07:00:00+00:00,0.8590399999999999,0.8596299999999999,0.8589899999999999,0.8594099999999999,8755
2026-06-26T08:00:00+00:00,0.8594099999999999,0.8602,0.85932,0.8597799999999999,11940
2026-06-26T09:00:00+00:00,0.8597799999999999,0.8599999999999999,0.8595099999999999,0.85998,8921
2026-06-26T10:00:00+00:00,0.85998,0.8600699999999999,0.8595499999999999,0.8596799999999999,9117
2026-06-26T11:00:00+00:00,0.8596799999999999,0.85991,0.8594499999999999,0.85952,11743
2026-06-26T12:00:00+00:00,0.85952,0.8621899999999999,0.85947,0.8620899999999999,14622
2026-06-26T13:00:00+00:00,0.8620899999999999,0.8622399999999999,0.8608399999999999,0.86093,16900
2026-06-26T14:00:00+00:00,0.86093,0.8609999999999999,0.8602899999999999,0.8604499999999999,14615
2026-06-26T15:00:00+00:00,0.8604499999999999,0.8605599999999999,0.8594999999999999,0.8595799999999999,14082
2026-06-26T16:00:00+00:00,0.8595799999999999,0.8597199999999999,0.8590399999999999,0.85957,8908
2026-06-26T17:00:00+00:00,0.85957,0.8597999999999999,0.85952,0.8596799999999999,6107
2026-06-26T18:00:00+00:00,0.8596799999999999,0.85983,0.8595599999999999,0.85971,5463
2026-06-26T19:00:00+00:00,0.85971,0.85986,0.85952,0.85983,4959
2026-06-26T20:00:00+00:00,0.85983,0.8599999999999999,0.8588899999999999,0.8588899999999999,6301.25
2026-06-28T21:00:00+00:00,0.8588899999999999,0.85916,0.8581300000000001,0.85824,1319.2669948688804
2026-06-28T22:00:00+00:00,0.85824,0.85961,0.85824,0.8595200000000001,2049
2026-06-28T23:00:00+00:00,0.8595200000000001,0.85954,0.85932,0.8593500000000001,1961.4422471910111
2026-06-29T00:00:00+00:00,0.8593500000000001,0.85954,0.85925,0.85938,6630
2026-06-29T01:00:00+00:00,0.85938,0.85939,0.85921,0.85925,6397
2026-06-29T02:00:00+00:00,0.85925,0.85927,0.85908,0.85914,5451
2026-06-29T03:00:00+00:00,0.85914,0.85916,0.859,0.8591,3151
2026-06-29T04:00:00+00:00,0.8591,0.8592,0.85894,0.85902,2884
2026-06-29T05:00:00+00:00,0.85902,0.85919,0.85889,0.85916,3993
2026-06-29T06:00:00+00:00,0.85916,0.85962,0.85889,0.8595,6268
2026-06-29T07:00:00+00:00,0.8595,0.85966,0.85914,0.85958,9010
2026-06-29T08:00:00+00:00,0.85958,0.85987,0.85942,0.85949,7830
2026-06-29T09:00:00+00:00,0.85949,0.85958,0.85921,0.85932,7545
2026-06-29T10:00:00+00:00,0.85932,0.85972,0.85886,0.8591,7150
2026-06-29T11:00:00+00:00,0.8591,0.8591,0.85832,0.85889,7622
2026-06-29T12:00:00+00:00,0.85889,0.8589,0.85797,0.85826,9666
2026-06-29T13:00:00+00:00,0.85826,0.85862,0.85769,0.8586,10481
2026-06-29T14:00:00+00:00,0.8586,0.85916,0.85832,0.85899,16506
2026-06-29T15:00:00+00:00,0.85899,0.85899,0.85854,0.85859,10472
2026-06-29T16:00:00+00:00,0.85859,0.85878,0.85849,0.85865,6830
2026-06-29T17:00:00+00:00,0.85865,0.8587,0.85849,0.85854,5088
2026-06-29T18:00:00+00:00,0.85854,0.85863,0.85838,0.85842,4150
2026-06-29T19:00:00+00:00,0.85842,0.8585,0.85817,0.85823,3171
2026-06-29T20:00:00+00:00,0.85823,0.85828,0.85805,0.85819,2574
2026-06-29T21:00:00+00:00,0.85819,0.85846,0.85763,0.85827,1882
2026-06-29T22:00:00+00:00,0.85827,0.85828,0.85799,0.85818,969
2026-06-29T23:00:00+00:00,0.85818,0.85826,0.85809,0.85823,1096
2026-06-30T00:00:00+00:00,0.85823,0.85865,0.85814,0.85852,5273
2026-06-30T01:00:00+00:00,0.85852,0.85868,0.85817,0.85821,7179
2026-06-30T02:00:00+00:00,0.85821,0.85828,0.85809,0.8581300000000001,4841
2026-06-30T03:00:00+00:00,0.8581300000000001,0.8582,0.85793,0.85793,4808
2026-06-30T04:00:00+00:00,0.85793,0.85797,0.85753,0.85756,3047
2026-06-30T05:00:00+00:00,0.85756,0.8577,0.85724,0.85727,5649
2026-06-30T06:00:00+00:00,0.85727,0.8579,0.85726,0.8577400000000001,7792
2026-06-30T07:00:00+00:00,0.8577400000000001,0.85805,0.85759,0.85791,8043
2026-06-30T08:00:00+00:00,0.85791,0.85792,0.8574,0.85777,10290
2026-06-30T09:00:00+00:00,0.85777,0.85778,0.85731,0.85767,7766
2026-06-30T10:00:00+00:00,0.85767,0.85805,0.85746,0.85805,5963
2026-06-30T11:00:00+00:00,0.85805,0.85862,0.8579600000000001,0.85799,8621
2026-06-30T12:00:00+00:00,0.85799,0.859,0.8579600000000001,0.85895,9806
2026-06-30T13:00:00+00:00,0.85895,0.85905,0.85839,0.85853,10250
2026-06-30T14:00:00+00:00,0.85853,0.85878,0.85775,0.85803,18282
2026-06-30T15:00:00+00:00,0.85803,0.85817,0.85742,0.85782,11815
2026-06-30T16:00:00+00:00,0.85782,0.85811,0.85767,0.85799,5846
2026-06-30T17:00:00+00:00,0.85799,0.85825,0.85788,0.85823,5011
2026-06-30T18:00:00+00:00,0.85823,0.85828,0.85809,0.85824,5931
2026-06-30T19:00:00+00:00,0.85824,0.85832,0.85789,0.85808,6645
2026-06-30T20:00:00+00:00,0.85808,0.85816,0.85777,0.85777,4049
2026-06-30T21:00:00+00:00,0.85777,0.8581500000000001,0.8573400000000001,0.8578100000000001,3023.9504212737734
2026-06-30T22:00:00+00:00,0.8578100000000001,0.85807,0.8577300000000001,0.8580000000000001,1066
2026-06-30T23:00:00+00:00,0.8580000000000001,0.85802,0.8578800000000001,0.8579800000000001,1338
2026-07-01T00:00:00+00:00,0.8579800000000001,0.85806,0.85787,0.85799,4229
2026-07-01T01:00:00+00:00,0.85799,0.85819,0.8579,0.8581200000000001,5303
2026-07-01T02:00:00+00:00,0.8581200000000001,0.8583400000000001,0.85809,0.85828,4706
2026-07-01T03:00:00+00:00,0.85828,0.8583900000000001,0.85819,0.85824,3830
2026-07-01T04:00:00+00:00,0.85824,0.8584,0.8581500000000001,0.8582000000000001,3922
2026-07-01T05:00:00+00:00,0.8582000000000001,0.8582200000000001,0.85785,0.8579800000000001,4376
2026-07-01T06:00:00+00:00,0.8579800000000001,0.8581200000000001,0.85757,0.8576600000000001,6508
2026-07-01T07:00:00+00:00,0.8576600000000001,0.8580000000000001,0.8573700000000001,0.8574900000000001,7586
2026-07-01T08:00:00+00:00,0.8574900000000001,0.85772,0.85662,0.85692,6782
2026-07-01T09:00:00+00:00,0.85692,0.85706,0.8558600000000001,0.8562700000000001,6983
2026-07-01T10:00:00+00:00,0.8562700000000001,0.85667,0.8562000000000001,0.8566600000000001,5380
2026-07-01T11:00:00+00:00,0.8566600000000001,0.85704,0.8562700000000001,0.85638,7552
2026-07-01T12:00:00+00:00,0.85638,0.85655,0.8554200000000001,0.85565,8920
2026-07-01T13:00:00+00:00,0.85565,0.85641,0.8554900000000001,0.8556900000000001,20404
2026-07-01T14:00:00+00:00,0.8556900000000001,0.8559000000000001,0.85416,0.85484,17120
2026-07-01T15:00:00+00:00,0.85484,0.85487,0.8539300000000001,0.85397,12357
2026-07-01T16:00:00+00:00,0.85397,0.85411,0.85319,0.85363,10436
2026-07-01T17:00:00+00:00,0.85363,0.8538600000000001,0.85343,0.8537600000000001,7556
2026-07-01T18:00:00+00:00,0.8537600000000001,0.85384,0.85353,0.85365,5802
2026-07-01T19:00:00+00:00,0.85365,0.8537,0.85331,0.8535600000000001,5791
2026-07-01T20:00:00+00:00,0.8535600000000001,0.8538100000000001,0.85323,0.85357,3747
2026-07-01T21:00:00+00:00,0.85357,0.8537800000000001,0.85304,0.85375,4132.611140443506
2026-07-01T22:00:00+00:00,0.85375,0.85375,0.8534200000000001,0.8534499999999999,795.2694652870516
2026-07-01T23:00:00+00:00,0.8534499999999999,0.8535599999999999,0.8534299999999999,0.8534899999999999,1395.8683862821365
2026-07-02T00:00:00+00:00,0.8534899999999999,0.8536899999999998,0.8534299999999999,0.8534899999999999,5285
2026-07-02T01:00:00+00:00,0.8534899999999999,0.8535999999999999,0.8532899999999999,0.8534499999999999,5136
2026-07-02T02:00:00+00:00,0.8534499999999999,0.8535499999999999,0.8532399999999999,0.8533999999999999,4719
2026-07-02T03:00:00+00:00,0.8533999999999999,0.8534899999999999,0.8532999999999998,0.8533599999999999,3558
2026-07-02T04:00:00+00:00,0.8533599999999999,0.8536999999999999,0.8533099999999999,0.8534999999999999,4455
2026-07-02T05:00:00+00:00,0.8534999999999999,0.8535699999999999,0.8531199999999999,0.8532999999999998,5676
2026-07-02T06:00:00+00:00,0.8532999999999998,0.8533299999999999,0.8523499999999999,0.8530599999999999,11749
2026-07-02T07:00:00+00:00,0.8530599999999999,0.8532699999999999,0.8517999999999999,0.8520699999999999,12884
2026-07-02T08:00:00+00:00,0.8520699999999999,0.8521399999999999,0.8512799999999999,0.8516399999999998,13086
2026-07-02T09:00:00+00:00,0.8516399999999998,0.8522499999999998,0.8514099999999999,0.8519499999999999,10627
2026-07-02T10:00:00+00:00,0.8519499999999999,0.8526199999999999,0.8516699999999999,0.8524999999999999,7600
2026-07-02T11:00:00+00:00,0.8524999999999999,0.8534799999999999,0.8524499999999999,0.8534499999999999,8841
2026-07-02T12:00:00+00:00,0.8534499999999999,0.8540999999999999,0.8527299999999999,0.8534999999999999,29729
2026-07-02T13:00:00+00:00,0.8534999999999999,0.8536299999999999,0.8523399999999999,0.8527299999999999,19067
2026-07-02T14:00:00+00:00,0.8527299999999999,0.8530099999999999,0.8522399999999999,0.8522599999999999,17564
2026-07-02T15:00:00+00:00,0.8522599999999999,0.8534199999999998,0.8521799999999999,0.8533799999999999,15059
2026-07-02T16:00:00+00:00,0.8533799999999999,0.8534399999999999,0.8530099999999999,0.8532399999999999,13128
2026-07-02T17:00:00+00:00,0.8532399999999999,0.8535499999999999,0.8531199999999999,0.8534899999999999,9986
2026-07-02T18:00:00+00:00,0.8534899999999999,0.8534999999999999,0.8531299999999998,0.8531999999999998,7742
2026-07-02T19:00:00+00:00,0.8531999999999998,0.8532699999999999,0.8530299999999998,0.8531999999999998,6919
2026-07-02T20:00:00+00:00,0.8531999999999998,0.8533399999999999,0.8530299999999998,0.8530899999999999,3369
2026-07-02T21:00:00+00:00,0.8530899999999999,0.8534699999999998,0.8523699999999999,0.8531199999999999,5694
2026-07-02T22:00:00+00:00,0.8531199999999999,0.8533799999999999,0.8530199999999999,0.8531199999999999,1408
2026-07-02T23:00:00+00:00,0.8531199999999999,0.8531399999999999,0.8528199999999999,0.8530199999999999,2185
2026-07-03T00:00:00+00:00,0.8530199999999999,0.8531899999999999,0.8529799999999998,0.8530499999999999,5199
2026-07-03T01:00:00+00:00,0.8530499999999999,0.8531899999999999,0.8529599999999999,0.8529999999999999,7718
2026-07-03T02:00:00+00:00,0.8529999999999999,0.8530299999999998,0.8528199999999999,0.8528599999999998,5232
2026-07-03T03:00:00+00:00,0.8528599999999998,0.8530499999999999,0.8528499999999999,0.8529499999999999,3745
2026-07-03T04:00:00+00:00,0.8529499999999999,0.8530999999999999,0.8529099999999998,0.8530799999999998,2748
2026-07-03T05:00:00+00:00,0.8530799999999998,0.8534199999999998,0.8528699999999999,0.8532699999999999,4849
2026-07-03T06:00:00+00:00,0.8532699999999999,0.8535099999999999,0.8531899999999999,0.8534899999999999,6968
2026-07-03T07:00:00+00:00,0.8534899999999999,0.8536899999999998,0.8532099999999999,0.8532299999999999,7322
2026-07-03T08:00:00+00:00,0.8532299999999999,0.8539599999999999,0.8531999999999998,0.8538999999999999,6678
2026-07-03T09:00:00+00:00,0.8538999999999999,0.8539499999999999,0.8534499999999999,0.8535999999999999,5314
2026-07-03T10:00:00+00:00,0.8535999999999999,0.8538499999999999,0.8535899999999998,0.8537299999999999,4272
2026-07-03T11:00:00+00:00,0.8537299999999999,0.8540899999999999,0.8537099999999999,0.8538499999999999,5946
2026-07-03T12:00:00+00:00,0.8538499999999999,0.8539699999999999,0.8536399999999998,0.8537399999999999,6686
2026-07-03T13:00:00+00:00,0.8537399999999999,0.8539999999999999,0.8535099999999999,0.8536599999999999,6932
2026-07-03T14:00:00+00:00,0.8536599999999999,0.8538899999999999,0.8532699999999999,0.8533099999999999,6422
2026-07-03T15:00:00+00:00,0.8533099999999999,0.8535699999999999,0.8529499999999999,0.8530199999999999,4861
2026-07-03T16:00:00+00:00,0.8530199999999999,0.8533699999999999,0.8529899999999999,0.8530899999999999,2866
2026-07-03T17:00:00+00:00,0.8530899999999999,0.8533599999999999,0.8530199999999999,0.8531999999999998,4521
2026-07-03T18:00:00+00:00,0.8531999999999998,0.8532499999999998,0.8530499999999999,0.8531099999999999,3290
2026-07-03T19:00:00+00:00,0.8531099999999999,0.8532899999999999,0.8529899999999999,0.8531499999999999,8433
2026-07-03T20:00:00+00:00,0.8531499999999999,0.8534999999999999,0.8526899999999998,0.8527199999999998,10360.547847601916
2026-07-05T21:00:00+00:00,0.8527199999999998,0.8527399999999998,0.8517899999999997,0.8521899999999997,1925.3815941154157
2026-07-05T22:00:00+00:00,0.8521899999999997,0.8526899999999996,0.8520199999999997,0.8526299999999996,2043.5154076421904
2026-07-05T23:00:00+00:00,0.8526299999999996,0.8526699999999996,0.8523399999999995,0.8523699999999996,2439
2026-07-06T00:00:00+00:00,0.8523699999999996,0.8526299999999996,0.8523699999999996,0.8524599999999996,5705
2026-07-06T01:00:00+00:00,0.8524599999999996,0.8526499999999996,0.8523899999999995,0.8525899999999996,5060
2026-07-06T02:00:00+00:00,0.8525899999999996,0.8526499999999996,0.8524799999999996,0.8525699999999996,3986
2026-07-06T03:00:00+00:00,0.8525699999999996,0.8527099999999995,0.8525299999999996,0.8526699999999996,3188
2026-07-06T04:00:00+00:00,0.8526699999999996,0.8527599999999996,0.8525499999999996,0.8526999999999996,2642
2026-07-06T05:00:00+00:00,0.8526999999999996,0.8527499999999996,0.8524299999999996,0.8524399999999995,3788
2026-07-06T06:00:00+00:00,0.8524399999999995,0.8526899999999996,0.8523099999999996,0.8525199999999996,7232
2026-07-06T07:00:00+00:00,0.8525199999999996,0.8525699999999996,0.8517999999999996,0.8518599999999996,8940
2026-07-06T08:00:00+00:00,0.8518599999999996,0.8522299999999996,0.8516799999999995,0.8521499999999996,7326
2026-07-06T09:00:00+00:00,0.8521499999999996,0.8523599999999996,0.8516799999999995,0.8517399999999996,6503
2026-07-06T10:00:00+00:00,0.8517399999999996,0.8519899999999996,0.8514299999999996,0.8518399999999996,6128
2026-07-06T11:00:00+00:00,0.8518399999999996,0.8519699999999996,0.8511199999999995,0.8512999999999996,7275
2026-07-06T12:00:00+00:00,0.8512999999999996,0.8516899999999996,0.8509999999999995,0.8512999999999996,8198
2026-07-06T13:00:00+00:00,0.8512999999999996,0.8513599999999996,0.8508599999999996,0.8509899999999996,9983
2026-07-06T14:00:00+00:00,0.8509899999999996,0.8510799999999996,0.8504199999999996,0.8506799999999995,9924
2026-07-06T15:00:00+00:00,0.8506799999999995,0.8508999999999995,0.8504899999999995,0.8505599999999995,8283
2026-07-06T16:00:00+00:00,0.8505599999999995,0.8508499999999996,0.8503699999999996,0.8504499999999996,6364
2026-07-06T17:00:00+00:00,0.8504499999999996,0.8506799999999995,0.8504099999999996,0.8504799999999996,4863
2026-07-06T18:00:00+00:00,0.8504799999999996,0.8505699999999996,0.8501199999999995,0.8501699999999995,4307
2026-07-06T19:00:00+00:00,0.8501699999999995,0.8502799999999996,0.8499399999999996,0.8501899999999996,4840
2026-07-06T20:00:00+00:00,0.8501899999999996,0.8503399999999995,0.8500799999999996,0.8500799999999996,2612
2026-07-06T21:00:00+00:00,0.8500799999999996,0.8506399999999996,0.8497999999999996,0.8504999999999996,4406
2026-07-06T22:00:00+00:00,0.8504999999999996,0.8504999999999996,0.8500999999999995,0.8502099999999996,1109
2026-07-06T23:00:00+00:00,0.8502099999999996,0.8502399999999996,0.8499899999999996,0.8500599999999996,1712
2026-07-07T00:00:00+00:00,0.8500599999999996,0.8502899999999995,0.8499399999999996,0.8502299999999996,4611
2026-07-07T01:00:00+00:00,0.8502299999999996,0.8502399999999996,0.8499399999999996,0.8500699999999995,6537
2026-07-07T02:00:00+00:00,0.8500699999999995,0.8501899999999996,0.8499699999999996,0.8501099999999996,4136
2026-07-07T03:00:00+00:00,0.8501099999999996,0.8501499999999996,0.8499099999999996,0.8499799999999996,3761
2026-07-07T04:00:00+00:00,0.8499799999999996,0.8500299999999996,0.8498999999999995,0.8499599999999996,3477
2026-07-07T05:00:00+00:00,0.8499599999999996,0.8501899999999996,0.8498699999999996,0.8499599999999996,5658
2026-07-07T06:00:00+00:00,0.8499599999999996,0.8501799999999996,0.8498099999999996,0.8500799999999996,5939
2026-07-07T07:00:00+00:00,0.8500799999999996,0.8502799999999996,0.8497499999999996,0.8499099999999996,7206
2026-07-07T08:00:00+00:00,0.8499099999999996,0.8500199999999996,0.8491599999999996,0.8492299999999996,7481
2026-07-07T09:00:00+00:00,0.8492299999999996,0.8497399999999996,0.8491899999999996,0.8497399999999996,6005
2026-07-07T10:00:00+00:00,0.8497399999999996,0.8503399999999995,0.8496999999999996,0.8500799999999996,5204
2026-07-07T11:00:00+00:00,0.8500799999999996,0.8501399999999996,0.8494499999999996,0.8497699999999996,7529
2026-07-07T12:00:00+00:00,0.8497699999999996,0.8505399999999996,0.8497199999999996,0.8502499999999996,8719
2026-07-07T13:00:00+00:00,0.8502499999999996,0.8513199999999996,0.8500999999999995,0.8511799999999996,10031
2026-07-07T14:00:00+00:00,0.8511799999999996,0.8511799999999996,0.8501799999999996,0.8503999999999996,12127
2026-07-07T15:00:00+00:00,0.8503999999999996,0.8505999999999996,0.8500399999999996,0.8501899999999996,8452
2026-07-07T16:00:00+00:00,0.8501899999999996,0.8503299999999996,0.8499799999999996,0.8501899999999996,6516
2026-07-07T17:00:00+00:00,0.8501899999999996,0.8503899999999995,0.8501099999999996,0.8503499999999996,4982
2026-07-07T18:00:00+00:00,0.8503499999999996,0.8505499999999996,0.8502899999999995,0.8503399999999995,6378
2026-07-07T19:00:00+00:00,0.8503399999999995,0.8505199999999996,0.8501999999999996,0.8502999999999996,8039
2026-07-07T20:00:00+00:00,0.8502999999999996,0.8503199999999996,0.8500099999999996,0.8500399999999996,3647
2026-07-07T21:00:00+00:00,0.8500399999999996,0.8503999999999996,0.8493799999999996,0.8497599999999995,3302.123844731978
2026-07-07T22:00:00+00:00,0.8497599999999995,0.8501999999999995,0.8497599999999995,0.8500999999999995,1134
2026-07-07T23:00:00+00:00,0.8500999999999995,0.8501099999999996,0.8499299999999995,0.8500799999999995,1842
2026-07-08T00:00:00+00:00,0.8500799999999995,0.8504299999999996,0.8500499999999995,0.8501999999999995,6282
2026-07-08T01:00:00+00:00,0.8501999999999995,0.8502399999999996,0.8500299999999995,0.8502199999999995,6662
2026-07-08T02:00:00+00:00,0.8502199999999995,0.8504799999999996,0.8501299999999996,0.8504599999999995,4422
2026-07-08T03:00:00+00:00,0.8504599999999995,0.8505499999999996,0.8503699999999995,0.8505399999999995,4041
2026-07-08T04:00:00+00:00,0.8505399999999995,0.8506699999999996,0.8505099999999995,0.8506199999999996,3387
2026-07-08T05:00:00+00:00,0.8506199999999996,0.8508599999999995,0.8505599999999995,0.8508099999999995,5707
2026-07-08T06:00:00+00:00,0.8508099999999995,0.8508299999999995,0.8503699999999995,0.8504799999999996,9207
2026-07-08T07:00:00+00:00,0.8504799999999996,0.8509399999999996,0.8504399999999995,0.8507099999999995,8920
2026-07-08T08:00:00+00:00,0.8507099999999995,0.8513499999999996,0.8502199999999995,0.8511899999999996,14145
2026-07-08T09:00:00+00:00,0.8511899999999996,0.8512999999999996,0.8505199999999996,0.8505999999999996,11323
2026-07-08T10:00:00+00:00,0.8505999999999996,0.8507199999999996,0.8503299999999996,0.8506599999999995,8437
2026-07-08T11:00:00+00:00,0.8506599999999995,0.8510299999999995,0.8502999999999996,0.8505399999999995,9607
2026-07-08T12:00:00+00:00,0.8505399999999995,0.8505999999999996,0.8497199999999996,0.8500499999999995,10105
2026-07-08T13:00:00+00:00,0.8500499999999995,0.8501199999999995,0.8489199999999996,0.8491799999999996,13363
2026-07-08T14:00:00+00:00,0.8491799999999996,0.8492499999999995,0.8488899999999996,0.8489199999999996,12520
2026-07-08T15:00:00+00:00,0.8489199999999996,0.8493599999999996,0.8484399999999995,0.8487299999999995,11757
2026-07-08T16:00:00+00:00,0.8487299999999995,0.8488899999999996,0.8484099999999996,0.8485999999999996,10348
2026-07-08T17:00:00+00:00,0.8485999999999996,0.8486999999999996,0.8477699999999996,0.8482499999999995,9750
2026-07-08T18:00:00+00:00,0.8482499999999995,0.8485699999999996,0.8481099999999996,0.8484999999999996,7414
2026-07-08T19:00:00+00:00,0.8484999999999996,0.8485699999999996,0.8483299999999996,0.8484899999999995,6422
2026-07-08T20:00:00+00:00,0.8484899999999995,0.8486699999999996,0.8483399999999995,0.8484899999999995,5400
2026-07-08T21:00:00+00:00,0.8484899999999995,0.8486899999999995,0.8480699999999994,0.8481499999999995,3686.975899005356
2026-07-08T22:00:00+00:00,0.8481499999999995,0.8486299999999994,0.8481199999999995,0.8485999999999995,1356.339116401049
2026-07-08T23:00:00+00:00,0.8485999999999995,0.8486699999999994,0.8485399999999994,0.8486299999999994,1498.102694956939
2026-07-09T00:00:00+00:00,0.8486299999999994,0.8487799999999994,0.8485399999999994,0.8487199999999994,5489
2026-07-09T01:00:00+00:00,0.8487199999999994,0.8489999999999994,0.8486999999999993,0.8487699999999994,5295
2026-07-09T02:00:00+00:00,0.8487699999999994,0.8488599999999994,0.8486499999999993,0.8488299999999994,5109
2026-07-09T03:00:00+00:00,0.8488299999999994,0.8489799999999994,0.8487799999999994,0.8488999999999994,4185
2026-07-09T04:00:00+00:00,0.8488999999999994,0.8489299999999994,0.8486599999999994,0.8486999999999993,2697
2026-07-09T05:00:00+00:00,0.8486999999999993,0.8487799999999994,0.8486099999999994,0.8486599999999994,5163
2026-07-09T06:00:00+00:00,0.8486599999999994,0.8487699999999994,0.8481599999999994,0.8481899999999994,9507
2026-07-09T07:00:00+00:00,0.8481899999999994,0.8483799999999994,0.8477199999999994,0.8483399999999994,6783
2026-07-09T08:00:00+00:00,0.8483399999999994,0.8483799999999994,0.8477599999999994,0.8478199999999994,7364
2026-07-09T09:00:00+00:00,0.8478199999999994,0.8481599999999994,0.8477199999999994,0.8481399999999994,5665
2026-07-09T10:00:00+00:00,0.8481399999999994,0.8486699999999994,0.8481199999999994,0.8486599999999994,6085
2026-07-09T11:00:00+00:00,0.8486599999999994,0.8495999999999994,0.8486599999999994,0.8495699999999994,7917
2026-07-09T12:00:00+00:00,0.8495699999999994,0.8497399999999994,0.8490899999999993,0.8494999999999994,9120
2026-07-09T13:00:00+00:00,0.8494999999999994,0.8496399999999994,0.8492199999999994,0.8494799999999993,9759
2026-07-09T14:00:00+00:00,0.8494799999999993,0.8499999999999994,0.8493399999999994,0.8496699999999994,11319
2026-07-09T15:00:00+00:00,0.8496699999999994,0.8497599999999994,0.8490299999999994,0.8490899999999993,9029
2026-07-09T16:00:00+00:00,0.8490899999999993,0.8491999999999994,0.8487299999999994,0.8487599999999994,6901
2026-07-09T17:00:00+00:00,0.8487599999999994,0.8488499999999994,0.8483999999999994,0.8484099999999994,6635
2026-07-09T18:00:00+00:00,0.8484099999999994,0.8484399999999994,0.8480299999999994,0.8481499999999994,5707
2026-07-09T19:00:00+00:00,0.8481499999999994,0.8483699999999994,0.8479999999999994,0.8482299999999994,6171
2026-07-09T20:00:00+00:00,0.8482299999999994,0.8483499999999994,0.8480999999999994,0.8483399999999994,3654
2026-07-09T21:00:00+00:00,0.8483399999999994,0.8486299999999994,0.8477299999999994,0.8484799999999993,7727.160368217054
2026-07-09T22:00:00+00:00,0.8484799999999993,0.8485799999999994,0.8482799999999994,0.8483599999999994,1402
2026-07-09T23:00:00+00:00,0.8483599999999994,0.8483699999999994,0.8482299999999994,0.8482399999999994,1061
2026-07-10T00:00:00+00:00,0.8482399999999994,0.8484799999999993,0.8481799999999994,0.8482199999999994,4586
2026-07-10T01:00:00+00:00,0.8482199999999994,0.8482699999999994,0.8478699999999993,0.8479799999999994,7559
2026-07-10T02:00:00+00:00,0.8479799999999994,0.8480899999999993,0.8477399999999994,0.8478999999999994,6624
2026-07-10T03:00:00+00:00,0.8478999999999994,0.8479699999999994,0.8477799999999994,0.8478199999999994,3628
2026-07-10T04:00:00+00:00,0.8478199999999994,0.8479399999999994,0.8478199999999994,0.8478999999999994,2708
2026-07-10T05:00:00+00:00,0.8478999999999994,0.8479999999999994,0.8477399999999994,0.8478599999999994,3987
2026-07-10T06:00:00+00:00,0.8478599999999994,0.8481099999999994,0.8475899999999994,0.8480899999999993,6549
2026-07-10T07:00:00+00:00,0.8480899999999993,0.8481199999999994,0.8476799999999994,0.8480299999999994,7419
2026-07-10T08:00:00+00:00,0.8480299999999994,0.8484599999999994,0.8480099999999994,0.8482799999999994,7477
2026-07-10T09:00:00+00:00,0.8482799999999994,0.8483599999999994,0.8479199999999993,0.8480299999999994,5883
2026-07-10T10:00:00+00:00,0.8480299999999994,0.8480399999999993,0.8467699999999994,0.8470499999999994,7057
2026-07-10T11:00:00+00:00,0.8470499999999994,0.8475699999999994,0.8468199999999994,0.8472899999999994,7471
2026-07-10T12:00:00+00:00,0.8472899999999994,0.8475999999999994,0.8471799999999994,0.8474699999999994,9233
2026-07-10T13:00:00+00:00,0.8474699999999994,0.8478999999999994,0.8472999999999994,0.8477999999999994,8673
2026-07-10T14:00:00+00:00,0.8477999999999994,0.8480699999999994,0.8475199999999994,0.8477199999999994,12337
2026-07-10T15:00:00+00:00,0.8477199999999994,0.8482299999999994,0.8476599999999994,0.8481299999999994,9918
2026-07-10T16:00:00+00:00,0.8481299999999994,0.8483899999999994,0.8480399999999993,0.8481599999999994,7737
2026-07-10T17:00:00+00:00,0.8481599999999994,0.8483199999999994,0.8479099999999994,0.8479699999999994,6146
2026-07-10T18:00:00+00:00,0.8479699999999994,0.8480699999999994,0.8477999999999994,0.8479699999999994,5705
2026-07-10T19:00:00+00:00,0.8479699999999994,0.8480599999999994,0.8478699999999993,0.8479299999999994,4472
2026-07-10T20:00:00+00:00,0.8479299999999994,0.8480099999999994,0.8470399999999993,0.8472999999999995,5722.145447219984
2026-07-12T21:00:00+00:00,0.8472999999999995,0.8480399999999996,0.8472899999999995,0.8478499999999995,601.6708158076049
2026-07-12T22:00:00+00:00,0.8478499999999995,0.8483099999999996,0.8476599999999995,0.8480799999999996,3318.0714922048996
2026-07-12T23:00:00+00:00,0.8480799999999996,0.8483199999999995,0.8480499999999995,0.8481199999999995,3396
2026-07-13T00:00:00+00:00,0.8481199999999995,0.8481799999999996,0.8479699999999996,0.8480899999999996,9556
2026-07-13T01:00:00+00:00,0.8480899999999996,0.8481899999999996,0.8477199999999996,0.8477799999999995,11400
2026-07-13T02:00:00+00:00,0.8477799999999995,0.8480099999999996,0.8477699999999996,0.8479699999999996,8207
2026-07-13T03:00:00+00:00,0.8479699999999996,0.8482399999999995,0.8479699999999996,0.8482099999999996,7059
2026-07-13T04:00:00+00:00,0.8482099999999996,0.8483099999999996,0.8481699999999995,0.8482299999999996,6410
2026-07-13T05:00:00+00:00,0.8482299999999996,0.8484199999999996,0.8480699999999995,0.8481199999999995,10233
2026-07-13T06:00:00+00:00,0.8481199999999995,0.8487099999999995,0.8478399999999996,0.8483799999999996,9582
2026-07-13T07:00:00+00:00,0.8483799999999996,0.8495299999999996,0.8481599999999996,0.8491999999999995,11756
2026-07-13T08:00:00+00:00,0.8491999999999995,0.8500499999999995,0.8491599999999996,0.8499499999999995,10824
2026-07-13T09:00:00+00:00,0.8499499999999995,0.8501099999999996,0.8496399999999996,0.8498499999999996,7003
2026-07-13T10:00:00+00:00,0.8498499999999996,0.8502699999999995,0.8496499999999996,0.8496599999999995,8421
2026-07-13T11:00:00+00:00,0.8496599999999995,0.8497699999999996,0.8492299999999996,0.8493999999999996,9282
2026-07-13T12:00:00+00:00,0.8493999999999996,0.8495899999999995,0.8491399999999996,0.8492899999999995,9823
2026-07-13T13:00:00+00:00,0.8492899999999995,0.8494499999999996,0.8488099999999995,0.8489599999999996,11173
2026-07-13T14:00:00+00:00,0.8489599999999996,0.8493699999999995,0.8486799999999995,0.8487399999999996,15404
2026-07-13T15:00:00+00:00,0.8487399999999996,0.8488199999999996,0.8481199999999995,0.8482799999999996,11440
2026-07-13T16:00:00+00:00,0.8482799999999996,0.8484799999999996,0.8479799999999995,0.8484299999999996,12756
2026-07-13T17:00:00+00:00,0.8484299999999996,0.8486299999999996,0.8482999999999996,0.8485399999999995,8886
2026-07-13T18:00:00+00:00,0.8485399999999995,0.8487599999999995,0.8484799999999996,0.8484999999999996,8911
2026-07-13T19:00:00+00:00,0.8484999999999996,0.8487199999999996,0.8484699999999996,0.8486599999999995,8487
2026-07-13T20:00:00+00:00,0.8486599999999995,0.8489899999999996,0.8485999999999996,0.8487299999999995,4617
2026-07-13T21:00:00+00:00,0.8487299999999995,0.8490099999999996,0.8476199999999996,0.8487499999999996,3041
2026-07-13T22:00:00+00:00,0.8487499999999996,0.8489999999999995,0.8486599999999995,0.8487399999999996,1620
2026-07-13T23:00:00+00:00,0.8487399999999996,0.8489699999999996,0.8487399999999996,0.8488599999999996,3213
2026-07-14T00:00:00+00:00,0.8488599999999996,0.8490299999999996,0.8487999999999996,0.8488799999999995,11666
2026-07-14T01:00:00+00:00,0.8488799999999995,0.8490099999999996,0.8488099999999995,0.8489799999999995,11154
2026-07-14T02:00:00+00:00,0.8489799999999995,0.8491299999999996,0.8488799999999995,0.8489699999999996,7553
2026-07-14T03:00:00+00:00,0.8489699999999996,0.8490299999999996,0.8488799999999995,0.8489499999999995,7051
2026-07-14T04:00:00+00:00,0.8489499999999995,0.8489699999999996,0.8487199999999996,0.8488199999999996,5630
2026-07-14T05:00:00+00:00,0.8488199999999996,0.8488799999999995,0.8484599999999995,0.8486899999999996,7133
2026-07-14T06:00:00+00:00,0.8486899999999996,0.8489699999999996,0.8484799999999996,0.8486899999999996,8674
2026-07-14T07:00:00+00:00,0.8486899999999996,0.8493199999999995,0.8485799999999996,0.8493099999999996,10269
2026-07-14T08:00:00+00:00,0.8493099999999996,0.8495199999999996,0.8484799999999996,0.8484999999999996,9932
2026-07-14T09:00:00+00:00,0.8484999999999996,0.8485999999999996,0.8480099999999996,0.8482999999999996,7318
2026-07-14T10:00:00+00:00,0.8482999999999996,0.8483599999999996,0.8479599999999996,0.8480299999999996,7344
2026-07-14T11:00:00+00:00,0.8480299999999996,0.8484999999999996,0.8479999999999995,0.8484199999999996,8316
2026-07-14T12:00:00+00:00,0.8484199999999996,0.8499699999999996,0.8478199999999996,0.8497599999999995,24216
2026-07-14T13:00:00+00:00,0.8497599999999995,0.8506499999999996,0.8495599999999995,0.8497499999999996,17712
2026-07-14T14:00:00+00:00,0.8497499999999996,0.8503299999999996,0.8495799999999996,0.8499799999999995,16502
2026-07-14T15:00:00+00:00,0.8499799999999995,0.8505499999999996,0.8499299999999995,0.8500399999999996,14968
2026-07-14T16:00:00+00:00,0.8500399999999996,0.8502899999999995,0.8499199999999996,0.8500099999999996,10359
2026-07-14T17:00:00+00:00,0.8500099999999996,0.8504499999999996,0.8499699999999996,0.8501299999999996,9261
2026-07-14T18:00:00+00:00,0.8501299999999996,0.8501999999999995,0.8496999999999996,0.8498199999999996,8299
2026-07-14T19:00:00+00:00,0.8498199999999996,0.8498799999999995,0.8491699999999995,0.8491999999999995,10120
2026-07-14T20:00:00+00:00,0.8491999999999995,0.8492999999999996,0.8488599999999996,0.8488599999999996,4301
2026-07-14T21:00:00+00:00,0.8488599999999996,0.8494899999999995,0.8484199999999996,0.8489299999999995,5205
2026-07-14T22:00:00+00:00,0.8489299999999995,0.8493299999999996,0.8487599999999995,0.8490399999999996,1982
2026-07-14T23:00:00+00:00,0.8490399999999996,0.8490599999999996,0.8489299999999995,0.8489699999999996,2053
2026-07-15T00:00:00+00:00,0.8489699999999996,0.8493099999999996,0.8489599999999996,0.8491899999999996,5237
2026-07-15T01:00:00+00:00,0.8491899999999996,0.8495099999999995,0.8491699999999995,0.8494199999999996,6710
2026-07-15T02:00:00+00:00,0.8494199999999996,0.8495899999999995,0.8493799999999996,0.8495399999999995,4961
2026-07-15T03:00:00+00:00,0.8495399999999995,0.8495799999999996,0.8494399999999995,0.8495099999999995,4921
2026-07-15T04:00:00+00:00,0.8495099999999995,0.8496199999999996,0.8494799999999996,0.8495199999999996,3905
2026-07-15T05:00:00+00:00,0.8495199999999996,0.8495699999999996,0.8491799999999996,0.8492599999999996,5410
2026-07-15T06:00:00+00:00,0.8492599999999996,0.8492799999999996,0.8478899999999996,0.8480999999999995,9462
2026-07-15T07:00:00+00:00,0.8480999999999995,0.8485999999999996,0.8479599999999996,0.8485299999999996,9243
2026-07-15T08:00:00+00:00,0.8485299999999996,0.8491699999999995,0.8484999999999996,0.8489599999999996,7646
2026-07-15T09:00:00+00:00,0.8489599999999996,0.8491299999999996,0.8486699999999996,0.8487999999999996,6772
2026-07-15T10:00:00+00:00,0.8487999999999996,0.8491099999999996,0.8479199999999996,0.8481499999999995,6792
2026-07-15T11:00:00+00:00,0.8481499999999995,0.8483699999999995,0.8468599999999996,0.8471699999999995,9092
2026-07-15T12:00:00+00:00,0.8471699999999995,0.8476899999999996,0.8468899999999996,0.8472399999999995,12453
2026-07-15T13:00:00+00:00,0.8472399999999995,0.8474099999999996,0.8463799999999996,0.8465599999999995,12061
2026-07-15T14:00:00+00:00,0.8465599999999995,0.8467799999999995,0.8442899999999995,0.8447199999999996,15249
2026-07-15T15:00:00+00:00,0.8447199999999996,0.8450799999999996,0.8432499999999996,0.8435099999999995,12373
2026-07-15T16:00:00+00:00,0.8435099999999995,0.8435199999999996,0.8418699999999996,0.8421099999999996,11894
2026-07-15T17:00:00+00:00,0.8421099999999996,0.8432099999999996,0.8416599999999995,0.8430699999999995,11965
2026-07-15T18:00:00+00:00,0.8430699999999995,0.8433799999999996,0.8426699999999996,0.8432699999999995,9769
2026-07-15T19:00:00+00:00,0.8432699999999995,0.8437199999999996,0.8430899999999996,0.8431699999999995,9698
2026-07-15T20:00:00+00:00,0.8431699999999995,0.8431799999999996,0.8426399999999996,0.8426399999999996,4038
2026-07-15T21:00:00+00:00,0.8426399999999996,0.8431599999999996,0.8423099999999996,0.8429199999999996,5468.895823262334
2026-07-15T22:00:00+00:00,0.8429199999999996,0.8431899999999996,0.8428799999999995,0.8431899999999996,1243.7625398744751
2026-07-15T23:00:00+00:00,0.8431899999999996,0.8433899999999995,0.8430999999999995,0.8433799999999996,1982.9258631094854
2026-07-16T00:00:00+00:00,0.8433799999999996,0.8441499999999995,0.8433099999999996,0.8439599999999996,6837
2026-07-16T01:00:00+00:00,0.8439599999999996,0.8440199999999995,0.8437399999999996,0.8438099999999996,6051
2026-07-16T02:00:00+00:00,0.8438099999999996,0.8439399999999996,0.8436799999999995,0.8437299999999995,4599
2026-07-16T03:00:00+00:00,0.8437299999999995,0.8437599999999996,0.8433399999999995,0.8434799999999996,3905
2026-07-16T04:00:00+00:00,0.8434799999999996,0.8434999999999996,0.8432299999999996,0.8434899999999996,3107
2026-07-16T05:00:00+00:00,0.8434899999999996,0.8435599999999995,0.8431299999999996,0.8434699999999996,5038
2026-07-16T06:00:00+00:00,0.8434699999999996,0.8436299999999995,0.8431099999999996,0.8431799999999996,8332
2026-07-16T07:00:00+00:00,0.8431799999999996,0.8439599999999996,0.8430999999999996,0.8436899999999996,8093
2026-07-16T08:00:00+00:00,0.8436899999999996,0.8442699999999995,0.8436899999999996,0.8441899999999996,7926
2026-07-16T09:00:00+00:00,0.8441899999999996,0.8450499999999995,0.8439899999999996,0.8450499999999995,6542
2026-07-16T10:00:00+00:00,0.8450499999999995,0.8452399999999995,0.8448099999999996,0.8448199999999996,6411
2026-07-16T11:00:00+00:00,0.8448199999999996,0.8454399999999995,0.8447999999999996,0.8452899999999995,8467
2026-07-16T12:00:00+00:00,0.8452899999999995,0.8453299999999996,0.8442399999999995,0.8443099999999996,10389
2026-07-16T13:00:00+00:00,0.8443099999999996,0.8444499999999996,0.8435899999999996,0.8437699999999996,11271
2026-07-16T14:00:00+00:00,0.8437699999999996,0.8446099999999995,0.8435399999999996,0.8445399999999996,11158
2026-07-16T15:00:00+00:00,0.8445399999999996,0.8452399999999995,0.8443299999999996,0.8451699999999995,9560
2026-07-16T16:00:00+00:00,0.8451699999999995,0.8454499999999996,0.8450999999999996,0.8453399999999995,7103
2026-07-16T17:00:00+00:00,0.8453399999999995,0.8454999999999996,0.8451699999999995,0.8452299999999996,4799
2026-07-16T18:00:00+00:00,0.8452299999999996,0.8454899999999996,0.8452299999999996,0.8453499999999996,4428
2026-07-16T19:00:00+00:00,0.8453499999999996,0.8453999999999996,0.8451899999999996,0.8451999999999996,4598
2026-07-16T20:00:00+00:00,0.8451999999999996,0.8452599999999996,0.8449399999999996,0.8449499999999995,2970
2026-07-16T21:00:00+00:00,0.8449499999999995,0.8451599999999996,0.8443599999999996,0.8451299999999996,964.8727893851943
2026-07-16T22:00:00+00:00,0.8451299999999996,0.8454199999999996,0.8451299999999996,0.8453899999999995,1265.0352095808385
2026-07-16T23:00:00+00:00,0.8453899999999995,0.8454299999999996,0.8452999999999995,0.8453099999999996,1748
2026-07-17T00:00:00+00:00,0.8453099999999996,0.8455599999999995,0.8453099999999996,0.8454799999999996,6321
2026-07-17T01:00:00+00:00,0.8454799999999996,0.8456699999999996,0.8453199999999995,0.8456099999999995,7105
2026-07-17T02:00:00+00:00,0.8456099999999995,0.8456499999999996,0.8455599999999995,0.8455999999999996,6435
2026-07-17T03:00:00+00:00,0.8455999999999996,0.8456799999999995,0.8454599999999995,0.8456699999999996,5545
2026-07-17T04:00:00+00:00,0.8456699999999996,0.8458899999999996,0.8456199999999995,0.8458499999999995,4957
2026-07-17T05:00:00+00:00,0.8458499999999995,0.8459799999999995,0.8457899999999995,0.8458699999999996,5017
2026-07-17T06:00:00+00:00,0.8458699999999996,0.8461299999999995,0.8458299999999995,0.8458999999999995,7714
2026-07-17T07:00:00+00:00,0.8458999999999995,0.8466599999999995,0.8456499999999996,0.8465899999999995,7608
2026-07-17T08:00:00+00:00,0.8465899999999995,0.8472999999999995,0.8463299999999996,0.8471899999999996,9385
2026-07-17T09:00:00+00:00,0.8471899999999996,0.8475599999999995,0.8470599999999996,0.8471599999999996,7616
2026-07-17T10:00:00+00:00,0.8471599999999996,0.8473599999999996,0.8468499999999995,0.8468699999999996,7106
2026-07-17T11:00:00+00:00,0.8468699999999996,0.8470299999999995,0.8465099999999995,0.8466999999999996,8480
2026-07-17T12:00:00+00:00,0.8466999999999996,0.8473299999999996,0.8466699999999996,0.8470299999999995,9144
2026-07-17T13:00:00+00:00,0.8470299999999995,0.8471499999999995,0.8462599999999996,0.8463399999999995,12916
2026-07-17T14:00:00+00:00,0.8463399999999995,0.8471099999999996,0.8461699999999995,0.8469899999999996,11739
2026-07-17T15:00:00+00:00,0.8469899999999996,0.8471099999999996,0.8465299999999996,0.8470199999999996,10651
2026-07-17T16:00:00+00:00,0.8470199999999996,0.8470799999999995,0.8461799999999995,0.8461899999999996,8799
2026-07-17T17:00:00+00:00,0.8461899999999996,0.8461999999999995,0.8457999999999996,0.8460799999999995,6088
2026-07-17T18:00:00+00:00,0.8460799999999995,0.8461899999999996,0.8460399999999996,0.8460899999999996,6059
2026-07-17T19:00:00+00:00,0.8460899999999996,0.8462599999999996,0.8460699999999995,0.8462199999999995,7940
2026-07-17T20:00:00+00:00,0.8462199999999995,0.8463799999999996,0.8454999999999996,0.8461799999999996,5103.628117094326
2026-07-19T21:00:00+00:00,0.8461799999999996,0.8473199999999996,0.8459999999999995,0.8470799999999996,4905.2525698069685
2026-07-19T22:00:00+00:00,0.8470799999999996,0.8477499999999997,0.8470799999999996,0.8473999999999996,3419
2026-07-19T23:00:00+00:00,0.8473999999999996,0.8474699999999996,0.8473099999999997,0.8474199999999996,2125
2026-07-20T00:00:00+00:00,0.8474199999999996,0.8475899999999996,0.8473599999999997,0.8475199999999996,6689
2026-07-20T01:00:00+00:00,0.8475199999999996,0.8475499999999997,0.8474099999999997,0.8474799999999997,6947
2026-07-20T02:00:00+00:00,0.8474799999999997,0.8475499999999997,0.8472799999999997,0.8475299999999997,6920
2026-07-20T03:00:00+00:00,0.8475299999999997,0.8475799999999997,0.8474399999999996,0.8474999999999997,4211
2026-07-20T04:00:00+00:00,0.8474999999999997,0.8475099999999997,0.8472599999999997,0.8473199999999996,3471
2026-07-20T05:00:00+00:00,0.8473199999999996,0.8473699999999996,0.8469799999999996,0.8470199999999997,4329
2026-07-20T06:00:00+00:00,0.8470199999999997,0.8472399999999997,0.8468899999999997,0.8471399999999997,6688
2026-07-20T07:00:00+00:00,0.8471399999999997,0.8471699999999996,0.8465999999999997,0.8466799999999997,8793
2026-07-20T08:00:00+00:00,0.8466799999999997,0.8469899999999997,0.8465699999999996,0.8467199999999997,6391
2026-07-20T09:00:00+00:00,0.8467199999999997,0.8470299999999996,0.8462699999999996,0.8464699999999996,6656
2026-07-20T10:00:00+00:00,0.8464699999999996,0.8466699999999997,0.8460999999999996,0.8462299999999997,7223
2026-07-20T11:00:00+00:00,0.8462299999999997,0.8466899999999996,0.8460799999999996,0.8464499999999997,9707
2026-07-20T12:00:00+00:00,0.8464499999999997,0.8467399999999996,0.8461099999999997,0.8465199999999996,9813
2026-07-20T13:00:00+00:00,0.8465199999999996,0.8465499999999997,0.8459499999999996,0.8460399999999997,10225
2026-07-20T14:00:00+00:00,0.8460399999999997,0.8464199999999996,0.8458099999999996,0.8462299999999997,11790
2026-07-20T15:00:00+00:00,0.8462299999999997,0.8480199999999997,0.8462299999999997,0.8479199999999997,11185
2026-07-20T16:00:00+00:00,0.8479199999999997,0.8482899999999997,0.8477799999999996,0.8477899999999996,8121
2026-07-20T17:00:00+00:00,0.8477899999999996,0.8478799999999996,0.8471699999999996,0.8472799999999997,6030
2026-07-20T18:00:00+00:00,0.8472799999999997,0.8472999999999996,0.8470899999999997,0.8470899999999997,6926
2026-07-20T19:00:00+00:00,0.8470899999999997,0.8472599999999997,0.8469999999999996,0.8471699999999996,6644
2026-07-20T20:00:00+00:00,0.8471699999999996,0.8473799999999997,0.8471099999999997,0.8472799999999997,3486
2026-07-20T21:00:00+00:00,0.8472799999999997,0.8475099999999997,0.8464699999999996,0.8473099999999997,1710
2026-07-20T22:00:00+00:00,0.8473099999999997,0.8476599999999996,0.8473099999999997,0.8475099999999997,1679
2026-07-20T23:00:00+00:00,0.8475099999999997,0.8475099999999997,0.8472999999999996,0.8474199999999996,1694
2026-07-21T00:00:00+00:00,0.8474199999999996,0.8475399999999996,0.8471299999999996,0.8472199999999996,4045
2026-07-21T01:00:00+00:00,0.8472199999999996,0.8472599999999997,0.8470299999999996,0.8470899999999997,3762
2026-07-21T02:00:00+00:00,0.8470899999999997,0.8471099999999997,0.8469599999999996,0.8470599999999997,3352
2026-07-21T03:00:00+00:00,0.8470599999999997,0.8470999999999996,0.8468099999999996,0.8468299999999996,2821
2026-07-21T04:00:00+00:00,0.8468299999999996,0.8470499999999996,0.8468199999999997,0.8469999999999996,2031
2026-07-21T05:00:00+00:00,0.8469999999999996,0.8470499999999996,0.8467799999999996,0.8468199999999997,4176
2026-07-21T06:00:00+00:00,0.8468199999999997,0.8468699999999997,0.8465299999999997,0.8467699999999997,6326
2026-07-21T07:00:00+00:00,0.8467699999999997,0.8475799999999997,0.8465999999999997,0.8473499999999996,7571
2026-07-21T08:00:00+00:00,0.8473499999999996,0.8479699999999997,0.8470199999999997,0.8479299999999996,5901
2026-07-21T09:00:00+00:00,0.8479299999999996,0.8483399999999996,0.8479099999999996,0.8481599999999997,5342
2026-07-21T10:00:00+00:00,0.8481599999999997,0.8489299999999996,0.8479699999999997,0.8486599999999996,6396
2026-07-21T11:00:00+00:00,0.8486599999999996,0.8494499999999997,0.8484699999999996,0.8493099999999997,6172
2026-07-21T12:00:00+00:00,0.8493099999999997,0.8504899999999996,0.8492799999999997,0.8501999999999996,9736
2026-07-21T13:00:00+00:00,0.8501999999999996,0.8513299999999997,0.8497299999999997,0.8502499999999996,12378
2026-07-21T14:00:00+00:00,0.8502499999999996,0.8507999999999997,0.8496299999999997,0.8504799999999997,11665
2026-07-21T15:00:00+00:00,0.8504799999999997,0.8505499999999997,0.8501499999999996,0.8504799999999997,9082
2026-07-21T16:00:00+00:00,0.8504799999999997,0.8507799999999996,0.8498599999999996,0.8499499999999997,5273
2026-07-21T17:00:00+00:00,0.8499499999999997,0.8500499999999996,0.8495999999999997,0.8496999999999997,3691
2026-07-21T18:00:00+00:00,0.8496999999999997,0.8498999999999997,0.8495899999999996,0.8496299999999997,4539
2026-07-21T19:00:00+00:00,0.8496299999999997,0.8496699999999997,0.8493999999999996,0.8495899999999996,4261
2026-07-21T20:00:00+00:00,0.8495899999999996,0.8497399999999996,0.8495499999999997,0.8495499999999997,2963
2026-07-21T21:00:00+00:00,0.8495499999999997,0.8498799999999996,0.8490599999999997,0.8494999999999997,4954
2026-07-21T22:00:00+00:00,0.8494999999999997,0.8498299999999996,0.8494999999999997,0.8498299999999996,1438
2026-07-21T23:00:00+00:00,0.8498299999999996,0.8498399999999997,0.8497299999999997,0.8497499999999997,1579
2026-07-22T00:00:00+00:00,0.8497499999999997,0.8497499999999997,0.8494099999999997,0.8494599999999997,5766
2026-07-22T01:00:00+00:00,0.8494599999999997,0.8495499999999997,0.8494099999999997,0.8494999999999997,4977
2026-07-22T02:00:00+00:00,0.8494999999999997,0.8496699999999997,0.8494799999999997,0.8495799999999997,4201
2026-07-22T03:00:00+00:00,0.8495799999999997,0.8498499999999997,0.8495799999999997,0.8498399999999997,3038
2026-07-22T04:00:00+00:00,0.8498399999999997,0.8498899999999997,0.8497699999999997,0.8498799999999996,2547
2026-07-22T05:00:00+00:00,0.8498799999999996,0.8501199999999997,0.8497399999999996,0.8500699999999997,4247
2026-07-22T06:00:00+00:00,0.8500699999999997,0.8508299999999996,0.8497799999999996,0.8503999999999996,7695
2026-07-22T07:00:00+00:00,0.8503999999999996,0.8504999999999997,0.8498499999999997,0.8500299999999996,8805
2026-07-22T08:00:00+00:00,0.8500299999999996,0.8506999999999997,0.8499999999999996,0.8506499999999997,7383
2026-07-22T09:00:00+00:00,0.8506499999999997,0.8510099999999996,0.8505199999999996,0.8505399999999996,6832
2026-07-22T10:00:00+00:00,0.8505399999999996,0.8508099999999996,0.8501799999999996,0.8504899999999996,6631
2026-07-22T11:00:00+00:00,0.8504899999999996,0.8508399999999997,0.8502499999999996,0.8508299999999996,8315
2026-07-22T12:00:00+00:00,0.8508299999999996,0.8514799999999997,0.8507599999999996,0.8514299999999997,8989
2026-07-22T13:00:00+00:00,0.8514299999999997,0.8514399999999996,0.8500199999999997,0.8500799999999996,10914
2026-07-22T14:00:00+00:00,0.8500799999999996,0.8506399999999996,0.8499699999999997,0.8505599999999996,11137
2026-07-22T15:00:00+00:00,0.8505599999999996,0.8507799999999996,0.8503399999999997,0.8507699999999997,8474
2026-07-22T16:00:00+00:00,0.8507699999999997,0.8510299999999996,0.8505999999999997,0.8506299999999997,7039
2026-07-22T17:00:00+00:00,0.8506299999999997,0.8509599999999996,0.8506199999999997,0.8507899999999996,5507
2026-07-22T18:00:00+00:00,0.8507899999999996,0.8508299999999996,0.8505199999999996,0.8506999999999997,4613
2026-07-22T19:00:00+00:00,0.8506999999999997,0.8508599999999996,0.8506999999999997,0.8507499999999997,4475
2026-07-22T20:00:00+00:00,0.8507499999999997,0.8507499999999997,0.8505899999999996,0.8505899999999996,3978
2026-07-22T21:00:00+00:00,0.8505899999999996,0.8505899999999996,0.8496999999999997,0.8503199999999997,3188.7768493528315
2026-07-22T22:00:00+00:00,0.8503199999999997,0.8507899999999997,0.8503199999999997,0.8507499999999997,1146.0275229357799
2026-07-22T23:00:00+00:00,0.8507499999999997,0.8507699999999997,0.8506599999999997,0.8506999999999997,1804
2026-07-23T00:00:00+00:00,0.8506999999999997,0.8508299999999996,0.8506699999999997,0.8507399999999997,4021
2026-07-23T01:00:00+00:00,0.8507399999999997,0.8508199999999997,0.8505999999999997,0.8506499999999997,5919
2026-07-23T02:00:00+00:00,0.8506499999999997,0.8510499999999996,0.8505199999999997,0.8509699999999997,3964
2026-07-23T03:00:00+00:00,0.8509699999999997,0.8511899999999997,0.8509499999999997,0.8511499999999997,3982
2026-07-23T04:00:00+00:00,0.8511499999999997,0.8515399999999997,0.8511199999999997,0.8515299999999997,3328
2026-07-23T05:00:00+00:00,0.8515299999999997,0.8516499999999997,0.8513299999999997,0.8513899999999996,3969
2026-07-23T06:00:00+00:00,0.8513899999999996,0.8517099999999997,0.8511499999999997,0.8516199999999997,5921
2026-07-23T07:00:00+00:00,0.8516199999999997,0.8519299999999997,0.8514399999999996,0.8517799999999996,8031
2026-07-23T08:00:00+00:00,0.8517799999999996,0.8518799999999997,0.8509899999999997,0.8510699999999997,8243
2026-07-23T09:00:00+00:00,0.8510699999999997,0.8512399999999997,0.8506299999999997,0.8509999999999996,6835
2026-07-23T10:00:00+00:00,0.8509999999999996,0.8510799999999997,0.8505099999999997,0.8506799999999997,7451
2026-07-23T11:00:00+00:00,0.8506799999999997,0.8508999999999997,0.8505099999999997,0.8506999999999997,11267
2026-07-23T12:00:00+00:00,0.8506999999999997,0.8508499999999997,0.8503599999999997,0.8507899999999997,11508
2026-07-23T13:00:00+00:00,0.8507899999999997,0.8509599999999997,0.8504199999999997,0.8507699999999997,14298
2026-07-23T14:00:00+00:00,0.8507699999999997,0.8513699999999997,0.8505299999999997,0.8512599999999997,13564
2026-07-23T15:00:00+00:00,0.8512599999999997,0.8521999999999997,0.8512099999999997,0.8519599999999997,12329
2026-07-23T16:00:00+00:00,0.8519599999999997,0.8519899999999997,0.8513599999999997,0.8516299999999997,8637
2026-07-23T17:00:00+00:00,0.8516299999999997,0.8517099999999997,0.8514999999999997,0.8516199999999997,7072
2026-07-23T18:00:00+00:00,0.8516199999999997,0.8518599999999997,0.8515599999999997,0.8517999999999997,5994
2026-07-23T19:00:00+00:00,0.8517999999999997,0.8520299999999997,0.8517599999999997,0.8518799999999997,4338
2026-07-23T20:00:00+00:00,0.8518799999999997,0.8520499999999996,0.8518099999999997,0.8518099999999997,2491
2026-07-23T21:00:00+00:00,0.8518099999999997,0.8520599999999997,0.8511699999999996,0.8515599999999997,2130.349623146122
2026-07-23T22:00:00+00:00,0.8515599999999997,0.8521299999999997,0.8515599999999997,0.8520999999999997,1207
2026-07-23T23:00:00+00:00,0.8520999999999997,0.8521699999999996,0.8520399999999997,0.8520899999999997,2064
2026-07-24T00:00:00+00:00,0.8520899999999997,0.8520999999999997,0.8518599999999997,0.8518699999999997,7403
2026-07-24T01:00:00+00:00,0.8518699999999997,0.8521399999999997,0.8518499999999997,0.8520999999999997,6395
2026-07-24T02:00:00+00:00,0.8520999999999997,0.8523599999999997,0.8520899999999997,0.8522999999999997,4117
2026-07-24T03:00:00+00:00,0.8522999999999997,0.8524199999999997,0.8522499999999997,0.8524099999999997,4892
2026-07-24T04:00:00+00:00,0.8524099999999997,0.8525099999999997,0.8523999999999997,0.8524199999999997,3657
2026-07-24T05:00:00+00:00,0.8524199999999997,0.8524699999999997,0.8522299999999997,0.8523999999999997,4486
2026-07-24T06:00:00+00:00,0.8523999999999997,0.8524599999999997,0.8519899999999997,0.8520199999999997,6219
2026-07-24T07:00:00+00:00,0.8520199999999997,0.8521899999999997,0.8515699999999997,0.8515899999999997,8706
2026-07-24T08:00:00+00:00,0.8515899999999997,0.8520699999999997,0.8514199999999997,0.8520399999999997,8033
2026-07-24T09:00:00+00:00,0.8520399999999997,0.8527599999999997,0.8520399999999997,0.8526099999999996,7260
2026-07-24T10:00:00+00:00,0.8526099999999996,0.8529099999999997,0.8516699999999997,0.8519799999999997,7294
2026-07-24T11:00:00+00:00,0.8519799999999997,0.8520499999999996,0.8512299999999997,0.8512899999999997,7159
2026-07-24T12:00:00+00:00,0.8512899999999997,0.8518799999999997,0.8511599999999997,0.8517499999999997,8296
2026-07-24T13:00:00+00:00,0.8517499999999997,0.8517899999999997,0.8509699999999997,0.8512599999999997,10217
2026-07-24T14:00:00+00:00,0.8512599999999997,0.8514299999999997,0.8508899999999997,0.8513299999999997,11457
2026-07-24T15:00:00+00:00,0.8513299999999997,0.8514199999999997,0.8507499999999997,0.8508099999999997,11286
2026-07-24T16:00:00+00:00,0.8508099999999997,0.8510399999999997,0.8506199999999997,0.8508999999999997,6663
2026-07-24T17:00:00+00:00,0.8508999999999997,0.8510299999999997,0.8506999999999997,0.8507599999999997,6693
2026-07-24T18:00:00+00:00,0.8507599999999997,0.8507999999999997,0.8505399999999997,0.8507599999999997,5402
2026-07-24T19:00:00+00:00,0.8507599999999997,0.8510599999999997,0.8506599999999997,0.8510299999999997,6854
2026-07-24T20:00:00+00:00,0.8510299999999997,0.8511999999999997,0.8503499999999997,0.8506299999999997,3750.0559265442403
2026-07-26T21:00:00+00:00,0.8506299999999997,0.8512199999999996,0.8503599999999997,0.8503599999999997,1385.3595872741982
2026-07-26T22:00:00+00:00,0.8503599999999997,0.8508099999999996,0.8503599999999997,0.8505699999999996,5683
2026-07-26T23:00:00+00:00,0.8505699999999996,0.8506599999999996,0.8504199999999996,0.8505099999999997,2402
2026-07-27T00:00:00+00:00,0.8505099999999997,0.8511299999999996,0.8504999999999996,0.8509999999999996,8592
2026-07-27T01:00:00+00:00,0.8509999999999996,0.8512299999999996,0.8509699999999997,0.8511699999999996,6931
2026-07-27T02:00:00+00:00,0.8511699999999996,0.8511899999999997,0.8510399999999997,0.8510399999999997,5201
2026-07-27T03:00:00+00:00,0.8510399999999997,0.8511599999999996,0.8509499999999997,0.8510399999999997,3330
2026-07-27T04:00:00+00:00,0.8510399999999997,0.8511699999999996,0.8509899999999997,0.8511699999999996,2689
2026-07-27T05:00:00+00:00,0.8511699999999996,0.8512299999999996,0.8510499999999996,0.8512199999999996,4017
2026-07-27T06:00:00+00:00,0.8512199999999996,0.8516699999999996,0.8512199999999996,0.8515799999999997,7478
2026-07-27T07:00:00+00:00,0.8515799999999997,0.8519799999999996,0.8514699999999996,0.8516299999999997,9156
2026-07-27T08:00:00+00:00,0.8516299999999997,0.8518999999999997,0.8515199999999996,0.8518899999999996,7350
2026-07-27T09:00:00+00:00,0.8518899999999996,0.8519999999999996,0.8517199999999996,0.8518899999999996,6624
2026-07-27T10:00:00+00:00,0.8518899999999996,0.8526799999999997,0.8518299999999996,0.8525899999999996,6875
2026-07-27T11:00:00+00:00,0.8525899999999996,0.8529799999999996,0.8521899999999997,0.8522399999999997,8652
2026-07-27T12:00:00+00:00,0.8522399999999997,0.8525099999999997,0.8518399999999996,0.8520299999999996,8411
2026-07-27T13:00:00+00:00,0.8520299999999996,0.8523099999999997,0.8514699999999996,0.8515499999999996,10522
2026-07-27T14:00:00+00:00,0.8515499999999996,0.8519999999999996,0.8511999999999996,0.8519099999999996,10558
2026-07-27T15:00:00+00:00,0.8519099999999996,0.8521899999999997,0.8517299999999997,0.8521499999999996,9061
2026-07-27T16:00:00+00:00,0.8521499999999996,0.8524999999999996,0.8519599999999996,0.8524399999999996,8401
2026-07-27T17:00:00+00:00,0.8524399999999996,0.8529899999999997,0.8523899999999996,0.8526499999999997,7216
2026-07-27T18:00:00+00:00,0.8526499999999997,0.8527199999999996,0.8524199999999996,0.8525299999999997,6815
2026-07-27T19:00:00+00:00,0.8525299999999997,0.8525299999999997,0.8523199999999996,0.8524199999999996,5044
2026-07-27T20:00:00+00:00,0.8524199999999996,0.8526299999999997,0.8523999999999996,0.8523999999999996,2793
2026-07-27T21:00:00+00:00,0.8523999999999996,0.8524499999999996,0.8514499999999996,0.8522999999999996,13823.344074053513
2026-07-27T22:00:00+00:00,0.8522999999999996,0.8526999999999996,0.8522499999999996,0.8526199999999996,1593
2026-07-27T23:00:00+00:00,0.8526199999999996,0.8526899999999996,0.8525399999999996,0.8525499999999996,1432
2026-07-28T00:00:00+00:00,0.8525499999999996,0.8527799999999995,0.8524999999999996,0.8527199999999996,5153
2026-07-28T01:00:00+00:00,0.8527199999999996,0.8528299999999995,0.8525699999999996,0.8527099999999996,5471
2026-07-28T02:00:00+00:00,0.8527099999999996,0.8527099999999996,0.8525299999999996,0.8526199999999996,4195
2026-07-28T03:00:00+00:00,0.8526199999999996,0.8526499999999996,0.8523499999999996,0.8524299999999996,5209
2026-07-28T04:00:00+00:00,0.8524299999999996,0.8524899999999996,0.8522299999999996,0.8522299999999996,3498
2026-07-28T05:00:00+00:00,0.8522299999999996,0.8524499999999996,0.8520799999999996,0.8524299999999996,4183
2026-07-28T06:00:00+00:00,0.8524299999999996,0.8525499999999996,0.8518099999999996,0.8519399999999996,6351
2026-07-28T07:00:00+00:00,0.8519399999999996,0.8521699999999995,0.8517099999999996,0.8520999999999996,6616
2026-07-28T08:00:00+00:00,0.8520999999999996,0.8521699999999995,0.8517099999999996,0.8519699999999996,6858
2026-07-28T09:00:00+00:00,0.8519699999999996,0.8523699999999996,0.8519299999999996,0.8522199999999995,5836
2026-07-28T10:00:00+00:00,0.8522199999999995,0.8528199999999996,0.8522199999999995,0.8525899999999996,7086
2026-07-28T11:00:00+00:00,0.8525899999999996,0.8531099999999996,0.8524799999999996,0.8529099999999996,7790
2026-07-28T12:00:00+00:00,0.8529099999999996,0.8529099999999996,0.8517599999999996,0.8517899999999996,7051
2026-07-28T13:00:00+00:00,0.8517899999999996,0.8522599999999996,0.8516299999999996,0.8520899999999996,8581
2026-07-28T14:00:00+00:00,0.8520899999999996,0.8537899999999996,0.8519799999999996,0.8536999999999996,11080
2026-07-28T15:00:00+00:00,0.8536999999999996,0.8537899999999996,0.8534099999999996,0.8536499999999996,12438
2026-07-28T16:00:00+00:00,0.8536499999999996,0.8541499999999996,0.8535799999999996,0.8538299999999995,7939
2026-07-28T17:00:00+00:00,0.8538299999999995,0.8540199999999996,0.8536599999999996,0.8539399999999996,6854
2026-07-28T18:00:00+00:00,0.8539399999999996,0.8541499999999996,0.8538699999999996,0.8539399999999996,5712
2026-07-28T19:00:00+00:00,0.8539399999999996,0.8540899999999996,0.8538199999999996,0.8540399999999996,5261
2026-07-28T20:00:00+00:00,0.8540399999999996,0.8540899999999996,0.8537799999999995,0.8538599999999996,3788
2026-07-28T21:00:00+00:00,0.8538599999999996,0.8541399999999996,0.8531699999999995,0.8541099999999996,2889.448488859475
2026-07-28T22:00:00+00:00,0.8541099999999996,0.8541899999999996,0.8539899999999996,0.8540999999999996,1391
2026-07-28T23:00:00+00:00,0.8540999999999996,0.8541599999999996,0.8539399999999996,0.8540199999999996,2459
2026-07-29T00:00:00+00:00,0.8540199999999996,0.8540699999999996,0.8538499999999996,0.8540199999999996,5126
2026-07-29T01:00:00+00:00,0.8540199999999996,0.8543799999999996,0.8539499999999995,0.8543199999999996,4495
2026-07-29T02:00:00+00:00,0.8543199999999996,0.8543299999999996,0.8540099999999996,0.8541999999999996,4557
2026-07-29T03:00:00+00:00,0.8541999999999996,0.8543899999999995,0.8541299999999996,0.8542999999999996,3291
2026-07-29T04:00:00+00:00,0.8542999999999996,0.8544599999999996,0.8542199999999995,0.8544399999999995,4270
2026-07-29T05:00:00+00:00,0.8544399999999995,0.8544499999999996,0.8541299999999996,0.8541399999999996,3907
2026-07-29T06:00:00+00:00,0.8541399999999996,0.8541699999999995,0.8536499999999996,0.8537899999999996,5230
2026-07-29T07:00:00+00:00,0.8537899999999996,0.8541499999999996,0.8536999999999996,0.8539199999999996,5742
2026-07-29T08:00:00+00:00,0.8539199999999996,0.8541099999999996,0.8534699999999996,0.8535599999999995,4638
2026-07-29T09:00:00+00:00,0.8535599999999995,0.8539899999999998,0.8535099999999995,0.8538299999999998,5272
2026-07-29T10:00:00+00:00,0.8538299999999998,0.8541499999999997,0.8536499999999998,0.8537099999999997,6104
2026-07-29T11:00:00+00:00,0.8537099999999997,0.8538399999999997,0.8532799999999998,0.8533599999999998,5741
2026-07-29T12:00:00+00:00,0.8533599999999998,0.8538699999999998,0.8532899999999998,0.8536299999999998,8224
2026-07-29T13:00:00+00:00,0.8536299999999998,0.8542299999999997,0.8535499999999998,0.8540099999999997,8256
2026-07-29T14:00:00+00:00,0.8540099999999997,0.8541999999999997,0.8534899999999997,0.8536299999999998,10556
2026-07-29T15:00:00+00:00,0.8536299999999998,0.8539399999999998,0.8534499999999997,0.8538099999999997,9259
2026-07-29T16:00:00+00:00,0.8538099999999997,0.8540599999999998,0.8536099999999998,0.8538399999999997,6373
2026-07-29T17:00:00+00:00,0.8538399999999997,0.8539099999999997,0.8535299999999998,0.8535499999999998,7007
2026-07-29T18:00:00+00:00,0.8535499999999998,0.8541299999999997,0.8522999999999997,0.8539399999999998,20373
2026-07-29T19:00:00+00:00,0.8539399999999998,0.8549699999999998,0.8535299999999998,0.8548199999999998,17875
2026-07-29T20:00:00+00:00,0.8548199999999998,0.8556599999999998,0.8547299999999998,0.8547299999999998,9348
2026-07-29T21:00:00+00:00,0.8547299999999998,0.8548399999999997,0.8538999999999998,0.8545999999999998,10550
2026-07-29T22:00:00+00:00,0.8545999999999998,0.8551399999999997,0.8545999999999998,0.8551299999999997,3900.0193832599116
2026-07-29T23:00:00+00:00,0.8551299999999997,0.8551499999999997,0.8548599999999997,0.8549499999999998,3107
2026-07-30T00:00:00+00:00,0.8549499999999998,0.8550799999999997,0.8549099999999997,0.8550299999999997,7878
2026-07-30T01:00:00+00:00,0.8550299999999997,0.8550699999999997,0.8547899999999997,0.8548799999999998,6805
2026-07-30T02:00:00+00:00,0.8548799999999998,0.8551099999999997,0.8547299999999998,0.8550499999999998,4473
2026-07-30T03:00:00+00:00,0.8550499999999998,0.8552699999999998,0.8549799999999997,0.8550399999999997,4372
2026-07-30T04:00:00+00:00,0.8550399999999997,0.8552199999999996,0.8550399999999997,0.8551799999999996,3658
2026-07-30T05:00:00+00:00,0.8551799999999996,0.8553299999999997,0.8545999999999997,0.8548199999999997,5468
2026-07-30T06:00:00+00:00,0.8548199999999997,0.8554199999999996,0.8546799999999997,0.8550299999999996,7170
2026-07-30T07:00:00+00:00,0.8550299999999996,0.8550799999999996,0.8542299999999996,0.8545699999999996,9235
2026-07-30T08:00:00+00:00,0.8545699999999996,0.8547899999999996,0.8542799999999996,0.8543199999999996,8851
2026-07-30T09:00:00+00:00,0.8543199999999996,0.8544499999999996,0.8538399999999996,0.8539599999999996,7823
2026-07-30T10:00:00+00:00,0.8539599999999996,0.8546499999999996,0.8535799999999997,0.8539899999999996,11380
2026-07-30T11:00:00+00:00,0.8539899999999996,0.8545999999999996,0.8533499999999996,0.8543299999999996,9830
2026-07-30T12:00:00+00:00,0.8543299999999996,0.8552799999999996,0.8540599999999996,0.8551499999999996,13358
2026-07-30T13:00:00+00:00,0.8551499999999996,0.8557999999999997,0.8543799999999996,0.8553399999999997,18333
2026-07-30T14:00:00+00:00,0.8553399999999997,0.8554699999999996,0.8537399999999996,0.8540199999999997,21466
2026-07-30T15:00:00+00:00,0.8540199999999997,0.8540399999999996,0.8530899999999996,0.8531799999999996,13220
2026-07-30T16:00:00+00:00,0.8531799999999996,0.8534699999999996,0.8529099999999996,0.8533699999999996,9866
2026-07-30T17:00:00+00:00,0.8533699999999996,0.8534099999999997,0.8528799999999996,0.8529799999999996,9869
2026-07-30T18:00:00+00:00,0.8529799999999996,0.8534199999999996,0.8529699999999997,0.8531599999999996,7249
2026-07-30T19:00:00+00:00,0.8531599999999996,0.8532599999999996,0.8530099999999996,0.8532399999999997,7356
2026-07-30T20:00:00+00:00,0.8532399999999997,0.8533399999999997,0.8529899999999996,0.8531599999999996,4485
2026-07-30T21:00:00+00:00,0.8531599999999996,0.8531599999999996,0.8521899999999997,0.8531099999999996,998
2026-07-30T22:00:00+00:00,0.8531099999999996,0.8533299999999996,0.8530299999999996,0.8532199999999996,2165
2026-07-30T23:00:00+00:00,0.8532199999999996,0.8532899999999997,0.8530799999999996,0.8532199999999996,2781
2026-07-31T00:00:00+00:00,0.8532199999999996,0.8533199999999996,0.8528899999999996,0.8529899999999996,10966
2026-07-31T01:00:00+00:00,0.8529899999999996,0.8531599999999996,0.8528699999999996,0.8528899999999996,10820
2026-07-31T02:00:00+00:00,0.8528899999999996,0.8530499999999996,0.8527599999999996,0.8530199999999997,8552
2026-07-31T03:00:00+00:00,0.8530199999999997,0.8531999999999996,0.8528499999999997,0.8530899999999996,6517
2026-07-31T04:00:00+00:00,0.8530899999999996,0.8531999999999996,0.8528899999999996,0.8530699999999997,5946
2026-07-31T05:00:00+00:00,0.8530699999999997,0.8532399999999997,0.8528399999999996,0.8530999999999996,7301
2026-07-31T06:00:00+00:00,0.8530999999999996,0.8534399999999996,0.8528799999999996,0.8533699999999996,10063
2026-07-31T07:00:00+00:00,0.8533699999999996,0.8535499999999996,0.8529699999999997,0.8530999999999996,8996
2026-07-31T08:00:00+00:00,0.8530999999999996,0.8537499999999997,0.8530899999999996,0.8531699999999997,9467
2026-07-31T09:00:00+00:00,0.8531699999999997,0.8532399999999997,0.8524799999999996,0.8525799999999997,11349
2026-07-31T10:00:00+00:00,0.8525799999999997,0.8530299999999996,0.8524099999999997,0.8526899999999996,7278
2026-07-31T11:00:00+00:00,0.8526899999999996,0.8532899999999997,0.8525399999999996,0.8531299999999996,10585
2026-07-31T12:00:00+00:00,0.8531299999999996,0.8532199999999996,0.8526399999999996,0.8531899999999997,8504
2026-07-31T13:00:00+00:00,0.8531899999999997,0.8537399999999996,0.8519899999999996,0.8523199999999996,18683
2026-07-31T14:00:00+00:00,0.8523199999999996,0.8526699999999996,0.8514299999999996,0.8521099999999996,19597
2026-07-31T15:00:00+00:00,0.8521099999999996,0.8524099999999997,0.8515299999999997,0.8523999999999996,13746
2026-07-31T16:00:00+00:00,0.8523999999999996,0.8525499999999996,0.8521699999999996,0.8525299999999997,9854
2026-07-31T17:00:00+00:00,0.8525299999999997,0.8527399999999996,0.8523599999999997,0.8525299999999997,14020
2026-07-31T18:00:00+00:00,0.8525299999999997,0.8527899999999996,0.8522899999999997,0.8523899999999996,10256
2026-07-31T19:00:00+00:00,0.8523899999999996,0.8528199999999996,0.8523399999999997,0.8528099999999996,8656
2026-07-31T20:00:00+00:00,0.8528099999999996,0.8528999999999997,0.8514799999999996,0.8520099999999996,23116.501650165017
2026-08-02T21:00:00+00:00,0.8520099999999996,0.8529399999999996,0.8520099999999996,0.8526799999999997,1777.2947162426615
2026-08-02T22:00:00+00:00,0.8526799999999997,0.8529999999999996,0.8523899999999996,0.8526699999999996,5600
2026-08-02T23:00:00+00:00,0.8526699999999996,0.8527699999999997,0.8525399999999996,0.8526399999999996,4050
2026-08-03T00:00:00+00:00,0.8526399999999996,0.8528699999999997,0.8523399999999997,0.8527799999999996,11833
2026-08-03T01:00:00+00:00,0.8527799999999996,0.8531899999999997,0.8526699999999996,0.8528699999999997,8250
2026-08-03T02:00:00+00:00,0.8528699999999997,0.8531099999999996,0.8527799999999996,0.8529899999999997,5453
2026-08-03T03:00:00+00:00,0.8529899999999997,0.8531099999999996,0.8528699999999997,0.8530799999999996,4566
2026-08-03T04:00:00+00:00,0.8530799999999996,0.8532599999999997,0.8530199999999997,0.8531199999999997,3259
2026-08-03T05:00:00+00:00,0.8531199999999997,0.8531499999999996,0.8529899999999997,0.8530799999999996,3663
2026-08-03T06:00:00+00:00,0.8530799999999996,0.8533299999999996,0.8529099999999996,0.8533199999999996,7166
2026-08-03T07:00:00+00:00,0.8533199999999996,0.8534099999999997,0.8527999999999997,0.8531999999999996,7693
2026-08-03T08:00:00+00:00,0.8531999999999996,0.8534299999999997,0.8530499999999996,0.8533799999999997,6466
2026-08-03T09:00:00+00:00,0.8533799999999997,0.8537599999999996,0.8533299999999996,0.8536399999999996,6674
2026-08-03T10:00:00+00:00,0.8536399999999996,0.8537599999999996,0.8528799999999996,0.8530299999999996,6364
2026-08-03T11:00:00+00:00,0.8530299999999996,0.8532999999999996,0.8529199999999997,0.8532699999999996,6621
2026-08-03T12:00:00+00:00,0.8532699999999996,0.8534299999999997,0.8529199999999997,0.8531599999999997,7875
2026-08-03T13:00:00+00:00,0.8531599999999997,0.8540499999999996,0.8531499999999996,0.8537999999999997,10155
2026-08-03T14:00:00+00:00,0.8537999999999997,0.8538699999999997,0.8529999999999996,0.8538199999999997,11798
2026-08-03T15:00:00+00:00,0.8538199999999997,0.8539399999999997,0.8535599999999997,0.8537199999999996,9987
2026-08-03T16:00:00+00:00,0.8537199999999996,0.8540699999999997,0.8535899999999996,0.8540699999999997,5948
2026-08-03T17:00:00+00:00,0.8540699999999997,0.8541499999999996,0.8537599999999996,0.8540999999999996,6266
2026-08-03T18:00:00+00:00,0.8540999999999996,0.8543199999999996,0.8540799999999996,0.8541999999999996,5378
2026-08-03T19:00:00+00:00,0.8541999999999996,0.8542099999999997,0.8538999999999997,0.8539599999999996,4538
2026-08-03T20:00:00+00:00,0.8539599999999996,0.8539599999999996,0.8535699999999996,0.8535699999999996,3374
2026-08-03T21:00:00+00:00,0.8535699999999996,0.8540199999999997,0.8532899999999997,0.8538999999999997,4139
2026-08-03T22:00:00+00:00,0.8538999999999997,0.8539599999999996,0.8536699999999996,0.8539199999999997,1540
2026-08-03T23:00:00+00:00,0.8539199999999997,0.8540999999999996,0.8539099999999996,0.8539899999999997,1838
2026-08-04T00:00:00+00:00,0.8539899999999997,0.8542299999999996,0.8539799999999996,0.8540299999999996,6316
2026-08-04T01:00:00+00:00,0.8540299999999996,0.8543299999999996,0.8539999999999996,0.8543099999999997,5126
2026-08-04T02:00:00+00:00,0.8543099999999997,0.8543299999999996,0.8539499999999997,0.8540199999999997,4528
2026-08-04T03:00:00+00:00,0.8540199999999997,0.8541699999999997,0.8539699999999997,0.8540899999999997,4026
2026-08-04T04:00:00+00:00,0.8540899999999997,0.8543099999999997,0.8540499999999996,0.8542799999999996,3047
2026-08-04T05:00:00+00:00,0.8542799999999996,0.8543899999999996,0.8540199999999997,0.8541099999999996,4430
2026-08-04T06:00:00+00:00,0.8541099999999996,0.8541699999999997,0.8536599999999996,0.8538999999999997,6186
2026-08-04T07:00:00+00:00,0.8538999999999997,0.8540999999999996,0.8535999999999997,0.8536599999999996,7691
2026-08-04T08:00:00+00:00,0.8536599999999996,0.8538199999999997,0.8530399999999997,0.8530699999999997,6535
2026-08-04T09:00:00+00:00,0.8530699999999997,0.8533199999999996,0.8530299999999996,0.8531099999999996,5961
2026-08-04T10:00:00+00:00,0.8531099999999996,0.8535499999999997,0.8530399999999997,0.8534699999999996,7250
2026-08-04T11:00:00+00:00,0.8534699999999996,0.8536699999999996,0.8532699999999996,0.8533899999999996,8506
2026-08-04T12:00:00+00:00,0.8533899999999996,0.8535999999999997,0.8532399999999997,0.8535399999999996,8010
2026-08-04T13:00:00+00:00,0.8535399999999996,0.8540499999999996,0.8532899999999997,0.8539499999999997,10533
2026-08-04T14:00:00+00:00,0.8539499999999997,0.8541099999999996,0.8535799999999997,0.8538699999999997,11024
2026-08-04T15:00:00+00:00,0.8538699999999997,0.8540099999999996,0.8534799999999997,0.8536699999999996,8597
2026-08-04T16:00:00+00:00,0.8536699999999996,0.8537399999999996,0.8533099999999997,0.8536099999999996,5894
2026-08-04T17:00:00+00:00,0.8536099999999996,0.8542599999999997,0.8535999999999997,0.8541999999999996,5530
2026-08-04T18:00:00+00:00,0.8541999999999996,0.8545099999999997,0.8541499999999996,0.8543399999999997,5917
2026-08-04T19:00:00+00:00,0.8543399999999997,0.8543499999999996,0.8541799999999996,0.8542399999999997,5903
2026-08-04T20:00:00+00:00,0.8542399999999997,0.8542999999999996,0.8541599999999997,0.8541599999999997,4012
2026-08-04T21:00:00+00:00,0.8541599999999997,0.8542599999999997,0.8537299999999997,0.8540799999999997,2973.1452077683634
2026-08-04T22:00:00+00:00,0.8540799999999997,0.8543099999999997,0.8540499999999998,0.8542899999999997,1553
2026-08-04T23:00:00+00:00,0.8542899999999997,0.8543299999999997,0.8541999999999997,0.8542699999999998,1152
2026-08-05T00:00:00+00:00,0.8542699999999998,0.8543899999999998,0.8541399999999997,0.8542299999999997,5897
2026-08-05T01:00:00+00:00,0.8542299999999997,0.8543399999999998,0.8541699999999998,0.8542499999999997,6521
2026-08-05T02:00:00+00:00,0.8542499999999997,0.8544799999999997,0.8541999999999997,0.8543299999999997,7267
2026-08-05T03:00:00+00:00,0.8543299999999997,0.8543699999999997,0.8542299999999997,0.8543399999999998,4886
2026-08-05T04:00:00+00:00,0.8543399999999998,0.8543599999999997,0.8542499999999997,0.8543099999999997,3408
2026-08-05T05:00:00+00:00,0.8543099999999997,0.8543299999999997,0.8541299999999997,0.8542099999999997,4961
2026-08-05T06:00:00+00:00,0.8542099999999997,0.8543899999999998,0.8541299999999997,0.8541799999999997,9056
2026-08-05T07:00:00+00:00,0.8541799999999997,0.8543199999999997,0.8536299999999997,0.8536599999999998,8173
2026-08-05T08:00:00+00:00,0.8536599999999998,0.8542899999999997,0.8535899999999997,0.8541799999999997,7297
2026-08-05T09:00:00+00:00,0.8541799999999997,0.8543199999999997,0.8538199999999997,0.8538199999999997,6640
2026-08-05T10:00:00+00:00,0.8538199999999997,0.8538999999999998,0.8535899999999997,0.8537899999999997,7029
2026-08-05T11:00:00+00:00,0.8537899999999997,0.8540999999999997,0.8536399999999997,0.8540099999999997,8128
2026-08-05T12:00:00+00:00,0.8540099999999997,0.8543199999999997,0.8538099999999997,0.8540599999999997,9504
2026-08-05T13:00:00+00:00,0.8540599999999997,0.8544599999999997,0.8538599999999997,0.8542099999999997,10259
2026-08-05T14:00:00+00:00,0.8542099999999997,0.8542699999999998,0.8536999999999997,0.8540999999999997,12444
2026-08-05T15:00:00+00:00,0.8540999999999997,0.8548099999999997,0.8539699999999997,0.8546199999999997,11601
2026-08-05T16:00:00+00:00,0.8546199999999997,0.8547299999999998,0.8543899999999998,0.8547199999999997,10071
2026-08-05T17:00:00+00:00,0.8547199999999997,0.8549099999999997,0.8546099999999998,0.8548499999999997,6678
2026-08-05T18:00:00+00:00,0.8548499999999997,0.8549699999999997,0.8546999999999997,0.8547399999999997,6066
2026-08-05T19:00:00+00:00,0.8547399999999997,0.8548799999999998,0.8545899999999997,0.8548699999999997,4865
2026-08-05T20:00:00+00:00,0.8548699999999997,0.8549199999999997,0.8546599999999998,0.8546599999999998,3978
2026-08-05T21:00:00+00:00,0.8546599999999998,0.8549499999999998,0.8542899999999997,0.8546499999999997,5091
2026-08-05T22:00:00+00:00,0.8546499999999997,0.8549699999999997,0.8546299999999997,0.8549599999999997,1976
2026-08-05T23:00:00+00:00,0.8549599999999997,0.8549599999999997,0.8548499999999997,0.8549399999999997,1433
2026-08-06T00:00:00+00:00,0.8549399999999997,0.8551299999999997,0.8549199999999997,0.8550599999999997,4758
2026-08-06T01:00:00+00:00,0.8550599999999997,0.8551099999999997,0.8547999999999997,0.8548299999999998,5961
2026-08-06T02:00:00+00:00,0.8548299999999998,0.8549199999999997,0.8547599999999997,0.8548299999999998,3524
2026-08-06T03:00:00+00:00,0.8548299999999998,0.8549699999999997,0.8548099999999997,0.8549199999999997,3371
2026-08-06T04:00:00+00:00,0.8549199999999997,0.8549499999999998,0.8548399999999997,0.8549399999999997,2369
2026-08-06T05:00:00+00:00,0.8549399999999997,0.8549899999999997,0.8547799999999998,0.8547799999999998,2929
2026-08-06T06:00:00+00:00,0.8547799999999998,0.8548999999999997,0.8546099999999998,0.8546599999999998,6135
2026-08-06T07:00:00+00:00,0.8546599999999998,0.8548099999999997,0.8544499999999997,0.8546299999999997,6990
2026-08-06T08:00:00+00:00,0.8546299999999997,0.8546699999999997,0.8541299999999997,0.8542499999999997,6852
2026-08-06T09:00:00+00:00,0.8542499999999997,0.8545999999999997,0.8540999999999997,0.8543899999999998,5398
2026-08-06T10:00:00+00:00,0.8543899999999998,0.8545699999999997,0.8541899999999997,0.8542799999999997,5047
2026-08-06T11:00:00+00:00,0.8542799999999997,0.8544699999999997,0.8540799999999997,0.8540999999999997,7470
2026-08-06T12:00:00+00:00,0.8540999999999997,0.8541699999999998,0.8535599999999998,0.8535899999999997,7962
2026-08-06T13:00:00+00:00,0.8535899999999997,0.8538099999999997,0.8533099999999997,0.8533999999999997,8451
2026-08-06T14:00:00+00:00,0.8533999999999997,0.8536799999999997,0.8531499999999997,0.8535499999999997,11346
2026-08-06T15:00:00+00:00,0.8535499999999997,0.8537299999999998,0.8531499999999997,0.8532399999999997,10852
2026-08-06T16:00:00+00:00,0.8532399999999997,0.8532899999999997,0.8529699999999997,0.8530999999999997,7808
2026-08-06T17:00:00+00:00,0.8530999999999997,0.8532599999999997,0.8529799999999997,0.8532499999999997,5779
2026-08-06T18:00:00+00:00,0.8532499999999997,0.8534699999999997,0.8531599999999997,0.8532999999999997,3825
2026-08-06T19:00:00+00:00,0.8532999999999997,0.8534699999999997,0.8531899999999997,0.8533499999999997,6006
2026-08-06T20:00:00+00:00,0.8533499999999997,0.8535799999999997,0.8533399999999998,0.8534099999999997,3489
2026-08-06T21:00:00+00:00,0.8534099999999997,0.8535599999999998,0.8528299999999998,0.8530899999999997,5680
2026-08-06T22:00:00+00:00,0.8530899999999997,0.8535499999999997,0.8530899999999997,0.8534699999999997,1264
2026-08-06T23:00:00+00:00,0.8534699999999997,0.8534799999999997,0.8533899999999998,0.8534199999999997,1134
2026-08-07T00:00:00+00:00,0.8534199999999997,0.8535699999999997,0.8533599999999997,0.8533799999999997,4191
2026-08-07T01:00:00+00:00,0.8533799999999997,0.8534499999999997,0.8533299999999997,0.8533599999999997,4082
2026-08-07T02:00:00+00:00,0.8533599999999997,0.8534699999999997,0.8533199999999997,0.8534199999999997,2407
2026-08-07T03:00:00+00:00,0.8534199999999997,0.8535199999999997,0.8533699999999997,0.8534799999999997,2289
2026-08-07T04:00:00+00:00,0.8534799999999997,0.8534899999999997,0.8533399999999998,0.8534499999999997,2482
2026-08-07T05:00:00+00:00,0.8534499999999997,0.8535399999999997,0.8533799999999997,0.8534399999999998,2881
2026-08-07T06:00:00+00:00,0.8534399999999998,0.8534599999999997,0.8532499999999997,0.8533599999999997,5744
2026-08-07T07:00:00+00:00,0.8533599999999997,0.8537499999999997,0.8532499999999997,0.8537299999999998,6284
2026-08-07T08:00:00+00:00,0.8537299999999998,0.8541599999999997,0.8535999999999997,0.8541399999999997,6367
2026-08-07T09:00:00+00:00,0.8541399999999997,0.8547299999999998,0.8541099999999997,0.8546299999999997,6343
2026-08-07T10:00:00+00:00,0.8546299999999997,0.8549099999999997,0.8545299999999997,0.8547399999999997,5119
2026-08-07T11:00:00+00:00,0.8547399999999997,0.8547699999999997,0.8544199999999997,0.8544499999999997,6004
2026-08-07T12:00:00+00:00,0.8544499999999997,0.8547099999999997,0.8536899999999997,0.8541899999999997,17215
2026-08-07T13:00:00+00:00,0.8541899999999997,0.8543199999999997,0.8535699999999997,0.8537099999999997,12481
2026-08-07T14:00:00+00:00,0.8537099999999997,0.8537699999999997,0.8532299999999997,0.8534399999999998,12861
2026-08-07T15:00:00+00:00,0.8534399999999998,0.8537399999999997,0.8532099999999997,0.8533799999999997,11097
2026-08-07T16:00:00+00:00,0.8533799999999997,0.8535999999999997,0.8532999999999997,0.8533999999999997,9114
2026-08-07T17:00:00+00:00,0.8533999999999997,0.8536299999999997,0.8533499999999997,0.8536099999999998,4836
2026-08-07T18:00:00+00:00,0.8536099999999998,0.8537599999999997,0.8535799999999997,0.8536299999999997,3896
2026-08-07T19:00:00+00:00,0.8536299999999997,0.8537899999999997,0.8534699999999997,0.8534899999999997,6133
2026-08-07T20:00:00+00:00,0.8534899999999997,0.8537199999999997,0.8530199999999997,0.8534299999999996,5687.712111184646
2026-08-09T21:00:00+00:00,0.8534299999999996,0.8541699999999995,0.8534299999999996,0.8540299999999995,4322.613015041352
2026-08-09T22:00:00+00:00,0.8540299999999995,0.8543399999999995,0.8539899999999996,0.8540799999999995,2466.9261495587552
2026-08-09T23:00:00+00:00,0.8540799999999995,0.8541399999999995,0.8539899999999995,0.8541099999999995,1963.645214312808
2026-08-10T00:00:00+00:00,0.8541099999999995,0.8541899999999994,0.8539499999999994,0.8541799999999995,6748
2026-08-10T01:00:00+00:00,0.8541799999999995,0.8542299999999995,0.8539399999999995,0.8539699999999995,6858
2026-08-10T02:00:00+00:00,0.8539699999999995,0.8540699999999994,0.8539399999999995,0.8539799999999995,3216
2026-08-10T03:00:00+00:00,0.8539799999999995,0.8540599999999995,0.8538299999999994,0.8538399999999995,2823
2026-08-10T04:00:00+00:00,0.8538399999999995,0.8538999999999994,0.8537799999999994,0.8538099999999995,2269
2026-08-10T05:00:00+00:00,0.8538099999999995,0.8538799999999994,0.8536999999999995,0.8537199999999995,4443
2026-08-10T06:00:00+00:00,0.8537199999999995,0.8537899999999995,0.8534899999999995,0.8536399999999995,7874
2026-08-10T07:00:00+00:00,0.8536399999999995,0.8540999999999995,0.8535199999999995,0.8540199999999994,9422
2026-08-10T08:00:00+00:00,0.8540199999999994,0.8540899999999995,0.8535599999999994,0.8535699999999995,5952
2026-08-10T09:00:00+00:00,0.8535699999999995,0.8539599999999995,0.8534599999999994,0.8537899999999995,6514
2026-08-10T10:00:00+00:00,0.8537899999999995,0.8539299999999995,0.8533099999999995,0.8533099999999995,6457
2026-08-10T11:00:00+00:00,0.8533099999999995,0.8533699999999995,0.8529499999999994,0.8530699999999994,6306
2026-08-10T12:00:00+00:00,0.8530699999999994,0.8533899999999994,0.8529999999999994,0.8530699999999994,8121
2026-08-10T13:00:00+00:00,0.8530699999999994,0.8530799999999995,0.8522799999999995,0.8523299999999995,10449
2026-08-10T14:00:00+00:00,0.8523299999999995,0.8523799999999995,0.8513999999999995,0.8517999999999994,11369
2026-08-10T15:00:00+00:00,0.8517999999999994,0.8518699999999995,0.8510699999999994,0.8514699999999995,9729
2026-08-10T16:00:00+00:00,0.8514699999999995,0.8518999999999994,0.8514499999999995,0.8518799999999995,7046
2026-08-10T17:00:00+00:00,0.8518799999999995,0.8521199999999994,0.8517999999999994,0.8520399999999995,5916
2026-08-10T18:00:00+00:00,0.8520399999999995,0.8521099999999995,0.8517499999999995,0.8518099999999995,4293
2026-08-10T19:00:00+00:00,0.8518099999999995,0.8519999999999994,0.8517899999999995,0.8518199999999995,4459
2026-08-10T20:00:00+00:00,0.8518199999999995,0.8520199999999994,0.8517799999999994,0.8518599999999995,2547
2026-08-10T21:00:00+00:00,0.8518599999999995,0.8520999999999994,0.8515399999999995,0.8518699999999995,999.237465395263
2026-08-10T22:00:00+00:00,0.8518699999999995,0.8521299999999995,0.8518699999999995,0.8520299999999995,1309
2026-08-10T23:00:00+00:00,0.8520299999999995,0.8521299999999995,0.8519999999999994,0.8520699999999994,1805
2026-08-11T00:00:00+00:00,0.8520699999999994,0.8521699999999994,0.8520099999999995,0.8520899999999995,4237
2026-08-11T01:00:00+00:00,0.8520899999999995,0.8521899999999994,0.8520599999999995,0.8521099999999995,5767
2026-08-11T02:00:00+00:00,0.8521099999999995,0.8521199999999994,0.8519499999999994,0.8520099999999995,4251
2026-08-11T03:00:00+00:00,0.8520099999999995,0.8520499999999994,0.8518399999999995,0.8518899999999995,2955
2026-08-11T04:00:00+00:00,0.8518899999999995,0.8519599999999995,0.8517799999999994,0.8517999999999994,4118
2026-08-11T05:00:00+00:00,0.8517999999999994,0.8518899999999995,0.8515799999999994,0.8516299999999994,4580
2026-08-11T06:00:00+00:00,0.8516299999999994,0.8517999999999994,0.8514399999999994,0.8517499999999995,6294
2026-08-11T07:00:00+00:00,0.8517499999999995,0.8521799999999995,0.8516799999999994,0.8519499999999994,6050
2026-08-11T08:00:00+00:00,0.8519499999999994,0.8520099999999995,0.8516199999999995,0.8517899999999995,5329
2026-08-11T09:00:00+00:00,0.8517899999999995,0.8519999999999994,0.8517099999999994,0.8518399999999995,4181
2026-08-11T10:00:00+00:00,0.8518399999999995,0.8522099999999995,0.8517599999999994,0.8521799999999995,5272
2026-08-11T11:00:00+00:00,0.8521799999999995,0.8525099999999994,0.8519899999999995,0.8524799999999995,8422
2026-08-11T12:00:00+00:00,0.8524799999999995,0.8525999999999995,0.8522499999999995,0.8524899999999994,7139
2026-08-11T13:00:00+00:00,0.8524899999999994,0.8526199999999995,0.8523199999999994,0.8525499999999995,7672
2026-08-11T14:00:00+00:00,0.8525499999999995,0.8525699999999995,0.8518799999999994,0.8519899999999995,7746
2026-08-11T15:00:00+00:00,0.8519899999999995,0.8520799999999995,0.8516099999999994,0.8516299999999994,8377
2026-08-11T16:00:00+00:00,0.8516299999999994,0.8521899999999994,0.8516299999999994,0.8519299999999994,5057
2026-08-11T17:00:00+00:00,0.8519299999999994,0.8521699999999994,0.8518699999999995,0.8520399999999995,4018
2026-08-11T18:00:00+00:00,0.8520399999999995,0.8523099999999995,0.8520299999999995,0.8521899999999994,4958
2026-08-11T19:00:00+00:00,0.8521899999999994,0.8522499999999995,0.8519999999999994,0.8520299999999995,4625
2026-08-11T20:00:00+00:00,0.8520299999999995,0.8521799999999995,0.8518799999999994,0.8519399999999995,4008
2026-08-11T21:00:00+00:00,0.8519399999999995,0.8522199999999994,0.8516899999999995,0.8518099999999994,658.6047198358206
2026-08-11T22:00:00+00:00,0.8518099999999994,0.8521099999999994,0.8517999999999993,0.8519199999999993,1345
2026-08-11T23:00:00+00:00,0.8519199999999993,0.8520399999999994,0.8518799999999993,0.8519799999999994,1504
2026-08-12T00:00:00+00:00,0.8519799999999994,0.8520299999999994,0.8518599999999994,0.8518899999999994,3255
2026-08-12T01:00:00+00:00,0.8518899999999994,0.8519599999999994,0.8517499999999993,0.8518099999999994,3666
2026-08-12T02:00:00+00:00,0.8518099999999994,0.8519199999999993,0.8517399999999994,0.8517799999999993,3323
2026-08-12T03:00:00+00:00,0.8517799999999993,0.8517899999999994,0.8516199999999994,0.8516399999999994,2001
2026-08-12T04:00:00+00:00,0.8516399999999994,0.8516599999999993,0.8515299999999993,0.8515599999999993,1948
2026-08-12T05:00:00+00:00,0.8515599999999993,0.8516599999999993,0.8514499999999994,0.8515099999999993,2796
2026-08-12T06:00:00+00:00,0.8515099999999993,0.8517599999999993,0.8514499999999994,0.8515599999999993,6110
2026-08-12T07:00:00+00:00,0.8515599999999993,0.8516899999999994,0.8514699999999994,0.8515999999999994,5734
2026-08-12T08:00:00+00:00,0.8515999999999994,0.8516199999999994,0.8514299999999994,0.8514299999999994,6209
2026-08-12T09:00:00+00:00,0.8514299999999994,0.8514999999999994,0.8511099999999994,0.8512299999999994,8577
2026-08-12T10:00:00+00:00,0.8512299999999994,0.8512299999999994,0.8507099999999993,0.8509799999999994,6185
2026-08-12T11:00:00+00:00,0.8509799999999994,0.8511299999999994,0.8507999999999993,0.8509099999999994,6678
2026-08-12T12:00:00+00:00,0.8509099999999994,0.8515299999999993,0.8506699999999994,0.8513799999999994,17396
2026-08-12T13:00:00+00:00,0.8513799999999994,0.8517399999999994,0.8512899999999993,0.8516399999999994,13946
2026-08-12T14:00:00+00:00,0.8516399999999994,0.8521199999999993,0.8514699999999994,0.8519799999999994,10960
2026-08-12T15:00:00+00:00,0.8519799999999994,0.8521499999999993,0.8515499999999994,0.8516799999999993,7917
2026-08-12T16:00:00+00:00,0.8516799999999993,0.8517099999999993,0.8514099999999993,0.8516299999999993,7821
2026-08-12T17:00:00+00:00,0.8516299999999993,0.8517099999999993,0.8514099999999993,0.8514399999999993,5928
2026-08-12T18:00:00+00:00,0.8514399999999993,0.8517099999999993,0.8513799999999994,0.8516899999999994,4327
2026-08-12T19:00:00+00:00,0.8516899999999994,0.8517299999999993,0.8514799999999993,0.8515299999999993,4672
2026-08-12T20:00:00+00:00,0.8515299999999993,0.8516499999999994,0.8514599999999993,0.8515199999999994,3613
2026-08-12T21:00:00+00:00,0.8515199999999994,0.8515399999999993,0.8510799999999994,0.8512199999999993,1924.8773708683216
2026-08-12T22:00:00+00:00,0.8512199999999993,0.8517399999999994,0.8512199999999993,0.8515699999999994,1190.5504304174149
2026-08-12T23:00:00+00:00,0.8515699999999994,0.8516199999999994,0.8514999999999994,0.8515999999999994,1377.4722042460608
2026-08-13T00:00:00+00:00,0.8515999999999994,0.8517099999999994,0.8515799999999994,0.8516499999999994,4381
2026-08-13T01:00:00+00:00,0.8516499999999994,0.8517599999999994,0.8516199999999994,0.8516799999999994,4715
2026-08-13T02:00:00+00:00,0.8516799999999994,0.8517499999999993,0.8516599999999994,0.8517299999999994,2765.8504964539006
2026-08-13T03:00:00+00:00,0.8517299999999994,0.8518299999999994,0.8515799999999994,0.8516399999999994,3713
2026-08-13T04:00:00+00:00,0.8516399999999994,0.8517099999999994,0.8514999999999994,0.8515599999999994,3264
2026-08-13T05:00:00+00:00,0.8515599999999994,0.8516199999999994,0.8514799999999993,0.8515399999999994,4292
2026-08-13T06:00:00+00:00,0.8515399999999994,0.8519499999999994,0.8513599999999995,0.8517999999999994,6319
2026-08-13T07:00:00+00:00,0.8517999999999994,0.8524099999999994,0.8517499999999993,0.8523799999999994,5859
2026-08-13T08:00:00+00:00,0.8523799999999994,0.8526399999999994,0.8522499999999994,0.8524799999999993,5251
2026-08-13T09:00:00+00:00,0.8524799999999993,0.8526999999999993,0.8523499999999994,0.8524499999999994,4760
2026-08-13T10:00:00+00:00,0.8524499999999994,0.8527299999999994,0.8520699999999994,0.8526699999999994,5318
2026-08-13T11:00:00+00:00,0.8526699999999994,0.8527999999999994,0.8522799999999994,0.8523899999999994,5435
2026-08-13T12:00:00+00:00,0.8523899999999994,0.8524799999999993,0.8517799999999994,0.8520499999999994,9223
2026-08-13T13:00:00+00:00,0.8520499999999994,0.8521499999999994,0.8517099999999994,0.8519899999999994,10190
2026-08-13T14:00:00+00:00,0.8519899999999994,0.8523399999999994,0.8516999999999993,0.8521299999999994,11324
2026-08-13T15:00:00+00:00,0.8521299999999994,0.8522299999999994,0.8518599999999994,0.8519099999999994,9079
2026-08-13T16:00:00+00:00,0.8519099999999994,0.8525299999999993,0.8518799999999994,0.8524399999999994,6526
2026-08-13T17:00:00+00:00,0.8524399999999994,0.8526199999999994,0.8523499999999994,0.8525599999999994,5537
2026-08-13T18:00:00+00:00,0.8525599999999994,0.8526199999999994,0.8524099999999994,0.8525499999999994,4756
2026-08-13T19:00:00+00:00,0.8525499999999994,0.8526099999999994,0.8522799999999994,0.8522999999999994,4505
2026-08-13T20:00:00+00:00,0.8522999999999994,0.8524199999999994,0.8522199999999994,0.8522299999999994,4389
2026-08-13T21:00:00+00:00,0.8522299999999994,0.8523499999999994,0.8518999999999994,0.8522299999999994,2448
2026-08-13T22:00:00+00:00,0.8522299999999994,0.8525199999999994,0.8522299999999994,0.8524499999999994,1171
2026-08-13T23:00:00+00:00,0.8524499999999994,0.8525499999999994,0.8524099999999994,0.8524699999999994,2097
2026-08-14T00:00:00+00:00,0.8524699999999994,0.8525199999999994,0.8523199999999994,0.8523399999999994,4959
2026-08-14T01:00:00+00:00,0.8523399999999994,0.8525799999999994,0.8522999999999994,0.8525599999999994,4708
2026-08-14T02:00:00+00:00,0.8525599999999994,0.8526299999999994,0.8524799999999993,0.8525499999999994,3684
2026-08-14T03:00:00+00:00,0.8525499999999994,0.8525899999999994,0.8523799999999994,0.8524399999999994,3472
2026-08-14T04:00:00+00:00,0.8524399999999994,0.8525099999999994,0.8522599999999994,0.8523999999999994,3084
2026-08-14T05:00:00+00:00,0.8523999999999994,0.8525099999999994,0.8523399999999994,0.8523999999999994,3073
2026-08-14T06:00:00+00:00,0.8523999999999994,0.8524999999999994,0.8522599999999994,0.8523399999999994,4907
2026-08-14T07:00:00+00:00,0.8523399999999994,0.8525599999999994,0.8522299999999994,0.8523499999999994,6024
2026-08-14T08:00:00+00:00,0.8523499999999994,0.8523699999999994,0.8517899999999994,0.8520599999999994,6164
2026-08-14T09:00:00+00:00,0.8520599999999994,0.8521599999999994,0.8517299999999994,0.8518199999999994,4493
2026-08-14T10:00:00+00:00,0.8518199999999994,0.8518299999999994,0.8515299999999993,0.8517299999999994,4092
2026-08-14T11:00:00+00:00,0.8517299999999994,0.8520899999999993,0.8516499999999994,0.8519999999999994,6056
2026-08-14T12:00:00+00:00,0.8519999999999994,0.8521299999999994,0.8515399999999994,0.8518399999999994,9028
2026-08-14T13:00:00+00:00,0.8518399999999994,0.8520299999999994,0.8515799999999994,0.8520099999999994,10647
2026-08-14T14:00:00+00:00,0.8520099999999994,0.8523399999999994,0.8517599999999994,0.8522799999999994,9749
2026-08-14T15:00:00+00:00,0.8522799999999994,0.8525699999999994,0.8518299999999994,0.8518899999999994,8441
2026-08-14T16:00:00+00:00,0.8518899999999994,0.8521699999999994,0.8517799999999994,0.8521399999999993,6719
2026-08-14T17:00:00+00:00,0.8521399999999993,0.8523899999999994,0.8520499999999994,0.8521099999999994,5727
2026-08-14T18:00:00+00:00,0.8521099999999994,0.8521999999999994,0.8519699999999994,0.8520999999999994,4299
2026-08-14T19:00:00+00:00,0.8520999999999994,0.8522499999999994,0.8520399999999994,0.8522099999999994,5090
2026-08-14T20:00:00+00:00,0.8522099999999994,0.8523899999999994,0.8518799999999994,0.8520399999999994,7151.203641050427
2026-08-16T21:00:00+00:00,0.8520399999999994,0.8529599999999993,0.8520399999999994,0.8528099999999993,1637.3148103769358
2026-08-16T22:00:00+00:00,0.8528099999999993,0.8535199999999993,0.8528099999999993,0.8532899999999992,1739
2026-08-16T23:00:00+00:00,0.8532899999999992,0.8533099999999991,0.8530199999999992,0.8530399999999991,1672
2026-08-17T00:00:00+00:00,0.8530399999999991,0.8531699999999992,0.8529099999999992,0.8529499999999992,8918
2026-08-17T01:00:00+00:00,0.8529499999999992,0.8532199999999992,0.8529399999999991,0.8532099999999991,9005
2026-08-17T02:00:00+00:00,0.8532099999999991,0.8533499999999992,0.8531799999999992,0.8532799999999992,5874
2026-08-17T03:00:00+00:00,0.8532799999999992,0.8534299999999991,0.8532199999999992,0.8534099999999992,4136
2026-08-17T04:00:00+00:00,0.8534099999999992,0.8535499999999991,0.8534099999999992,0.8535499999999991,4641
2026-08-17T05:00:00+00:00,0.8535499999999991,0.8536099999999992,0.8533799999999991,0.8535699999999992,5219
2026-08-17T06:00:00+00:00,0.8535699999999992,0.8539699999999991,0.8534399999999992,0.8538999999999992,7034
2026-08-17T07:00:00+00:00,0.8538999999999992,0.8545499999999991,0.8538199999999991,0.8544099999999991,8004
2026-08-17T08:00:00+00:00,0.8544099999999991,0.8546199999999992,0.8541799999999992,0.8544299999999991,7927
2026-08-17T09:00:00+00:00,0.8544299999999991,0.8545199999999992,0.8539099999999992,0.8539699999999991,6029
2026-08-17T10:00:00+00:00,0.8539699999999991,0.8539899999999991,0.8535099999999992,0.8536299999999992,6080
2026-08-17T11:00:00+00:00,0.8536299999999992,0.8538099999999992,0.8534199999999992,0.8537799999999992,6671
2026-08-17T12:00:00+00:00,0.8537799999999992,0.8540499999999992,0.8534999999999991,0.8538899999999991,8528
2026-08-17T13:00:00+00:00,0.8538899999999991,0.8539499999999992,0.8535699999999992,0.8537299999999992,10605
2026-08-17T14:00:00+00:00,0.8537299999999992,0.8537999999999991,0.8534099999999992,0.8535999999999991,9658
2026-08-17T15:00:00+00:00,0.8535999999999991,0.8536999999999991,0.8530999999999992,0.8532599999999991,8473
2026-08-17T16:00:00+00:00,0.8532599999999991,0.8533899999999992,0.8531299999999992,0.8533299999999991,5737
2026-08-17T17:00:00+00:00,0.8533299999999991,0.8534999999999991,0.8531999999999992,0.8534199999999992,7229
2026-08-17T18:00:00+00:00,0.8534199999999992,0.8535499999999991,0.8533699999999992,0.8534899999999992,5921
2026-08-17T19:00:00+00:00,0.8534899999999992,0.8536799999999992,0.8534499999999992,0.8535999999999991,4885
2026-08-17T20:00:00+00:00,0.8535999999999991,0.8537499999999991,0.8534599999999992,0.8535899999999992,3045
2026-08-17T21:00:00+00:00,0.8535899999999992,0.8535899999999992,0.8529799999999992,0.8534399999999992,3301
2026-08-17T22:00:00+00:00,0.8534399999999992,0.8536599999999992,0.8534399999999992,0.8535299999999991,1089
2026-08-17T23:00:00+00:00,0.8535299999999991,0.8535499999999991,0.8533699999999992,0.8534399999999992,1356
2026-08-18T00:00:00+00:00,0.8534399999999992,0.8534699999999992,0.8533399999999992,0.8534399999999992,5194
2026-08-18T01:00:00+00:00,0.8534399999999992,0.8535299999999991,0.8533999999999992,0.8534799999999991,5229
2026-08-18T02:00:00+00:00,0.8534799999999991,0.8535799999999991,0.8533899999999992,0.8535399999999992,4494
2026-08-18T03:00:00+00:00,0.8535399999999992,0.8537199999999991,0.8535099999999992,0.8536899999999992,3650
2026-08-18T04:00:00+00:00,0.8536899999999992,0.8537599999999992,0.8534899999999992,0.8535599999999992,3538
2026-08-18T05:00:00+00:00,0.8535599999999992,0.8536399999999992,0.8534399999999992,0.8536099999999992,4150
2026-08-18T06:00:00+00:00,0.8536099999999992,0.8542699999999992,0.8532799999999992,0.8541299999999992,7374
2026-08-18T07:00:00+00:00,0.8541299999999992,0.8544599999999992,0.8541199999999992,0.8541599999999991,6256
2026-08-18T08:00:00+00:00,0.8541599999999991,0.8542599999999991,0.8539699999999991,0.8541199999999992,5939
2026-08-18T09:00:00+00:00,0.8541199999999992,0.8543599999999991,0.8540799999999992,0.8543399999999992,5344
2026-08-18T10:00:00+00:00,0.8543399999999992,0.8545799999999991,0.8542299999999992,0.8544999999999991,5478
2026-08-18T11:00:00+00:00,0.8544999999999991,0.8546499999999991,0.8543899999999992,0.8544599999999992,5187
2026-08-18T12:00:00+00:00,0.8544599999999992,0.8545899999999992,0.8540299999999992,0.8540399999999991,6494
2026-08-18T13:00:00+00:00,0.8540399999999991,0.8542699999999992,0.8538699999999991,0.8538899999999991,8475
2026-08-18T14:00:00+00:00,0.8538899999999991,0.8541799999999992,0.8537599999999992,0.8537999999999991,10624
2026-08-18T15:00:00+00:00,0.8537999999999991,0.8539699999999991,0.8536399999999992,0.8536699999999992,9282
2026-08-18T16:00:00+00:00,0.8536699999999992,0.8540199999999992,0.8536699999999992,0.8538299999999992,5927
2026-08-18T17:00:00+00:00,0.8538299999999992,0.8540199999999992,0.8538099999999992,0.8539699999999991,5569
2026-08-18T18:00:00+00:00,0.8539699999999991,0.8540499999999992,0.8538499999999992,0.8539599999999992,4329
2026-08-18T19:00:00+00:00,0.8539599999999992,0.8540399999999991,0.8539099999999992,0.8539799999999992,5474
2026-08-18T20:00:00+00:00,0.8539799999999992,0.8541399999999991,0.8539199999999991,0.8539799999999992,4184
2026-08-18T21:00:00+00:00,0.8539799999999992,0.8540399999999991,0.8532499999999992,0.8537199999999991,4819.541958781619
2026-08-18T22:00:00+00:00,0.8537199999999991,0.8541199999999991,0.8537199999999991,0.8540299999999992,1610
2026-08-18T23:00:00+00:00,0.8540299999999992,0.8540399999999991,0.8538099999999992,0.8538299999999992,1518
2026-08-19T00:00:00+00:00,0.8538299999999992,0.8541799999999992,0.8537499999999991,0.8541399999999991,5181
2026-08-19T01:00:00+00:00,0.8541399999999991,0.8543999999999992,0.8540299999999992,0.8542699999999992,5614
2026-08-19T02:00:00+00:00,0.8542699999999992,0.8543199999999992,0.8540399999999991,0.8540799999999992,5747
2026-08-19T03:00:00+00:00,0.8540799999999992,0.8542799999999992,0.8540799999999992,0.8541499999999992,4077
2026-08-19T04:00:00+00:00,0.8541499999999992,0.8542999999999992,0.8541299999999992,0.8541899999999991,3162
2026-08-19T05:00:00+00:00,0.8541899999999991,0.8543099999999991,0.8541699999999991,0.8541999999999992,3809
2026-08-19T06:00:00+00:00,0.8541999999999992,0.8544499999999992,0.8539499999999991,0.8542699999999992,6889
2026-08-19T07:00:00+00:00,0.8542699999999992,0.8544899999999992,0.854059999999999,0.8540799999999991,6195
2026-08-19T08:00:00+00:00,0.8540799999999991,0.8543699999999991,0.8540299999999991,0.854329999999999,6624
2026-08-19T09:00:00+00:00,0.854329999999999,0.854869999999999,0.8542999999999991,0.8546599999999991,5546
2026-08-19T10:00:00+00:00,0.8546599999999991,0.8548499999999991,0.854599999999999,0.8547799999999991,4672
2026-08-19T11:00:00+00:00,0.8547799999999991,0.8548599999999991,0.8546399999999991,0.854719999999999,6407
2026-08-19T12:00:00+00:00,0.854719999999999,0.854769999999999,0.8541199999999991,0.854479999999999,13122
2026-08-19T13:00:00+00:00,0.854479999999999,0.8547099999999991,0.853719999999999,0.8545899999999991,16347
2026-08-19T14:00:00+00:00,0.8545899999999991,0.8557999999999991,0.8545399999999991,0.8556599999999991,14028
2026-08-19T15:00:00+00:00,0.8556599999999991,0.8559999999999991,0.855359999999999,0.855839999999999,9645
2026-08-19T16:00:00+00:00,0.855839999999999,0.856109999999999,0.8558299999999991,0.855939999999999,7795
2026-08-19T17:00:00+00:00,0.855939999999999,0.856549999999999,0.855839999999999,0.856429999999999,7089
2026-08-19T18:00:00+00:00,0.856429999999999,0.856669999999999,0.856309999999999,0.8564899999999991,8368
2026-08-19T19:00:00+00:00,0.8564899999999991,0.856749999999999,0.8564399999999991,0.8567299999999991,8074
2026-08-19T20:00:00+00:00,0.8567299999999991,0.857059999999999,0.856619999999999,0.8567399999999991,3156
2026-08-19T21:00:00+00:00,0.8567399999999991,0.8568799999999991,0.8562899999999991,0.856529999999999,3846.4998335481723
2026-08-19T22:00:00+00:00,0.856529999999999,0.856939999999999,0.856529999999999,0.8568499999999991,1659
2026-08-19T23:00:00+00:00,0.8568499999999991,0.857009999999999,0.8567999999999991,0.857009999999999,1834
2026-08-20T00:00:00+00:00,0.857009999999999,0.857089999999999,0.8569099999999991,0.857039999999999,6993
2026-08-20T01:00:00+00:00,0.857039999999999,0.8571199999999991,0.8566599999999991,0.8566899999999991,8175
2026-08-20T02:00:00+00:00,0.8566899999999991,0.8568499999999991,0.8566299999999991,0.856749999999999,6663
2026-08-20T03:00:00+00:00,0.856749999999999,0.856749999999999,0.856449999999999,0.856499999999999,4593
2026-08-20T04:00:00+00:00,0.856499999999999,0.8565599999999991,0.8563899999999991,0.856449999999999,4112
2026-08-20T05:00:00+00:00,0.856449999999999,0.8568599999999991,0.8564199999999991,0.8568499999999991,5673
2026-08-20T06:00:00+00:00,0.8568499999999991,0.8570499999999991,0.8566599999999991,0.8569599999999991,7979
2026-08-20T07:00:00+00:00,0.8569599999999991,0.857059999999999,0.856329999999999,0.8567999999999991,8876
2026-08-20T08:00:00+00:00,0.8567999999999991,0.8568299999999991,0.856089999999999,0.8565599999999991,7986
2026-08-20T09:00:00+00:00,0.8565599999999991,0.8567999999999991,0.856279999999999,0.8564099999999991,7183
2026-08-20T10:00:00+00:00,0.8564099999999991,0.856549999999999,0.855839999999999,0.8558799999999991,7925
2026-08-20T11:00:00+00:00,0.8558799999999991,0.8562499999999991,0.855599999999999,0.8557599999999991,9919
2026-08-20T12:00:00+00:00,0.8557599999999991,0.8560499999999991,0.8552899999999991,0.8554099999999991,12191
2026-08-20T13:00:00+00:00,0.8554099999999991,0.855449999999999,0.8549099999999991,0.8549499999999991,12430
2026-08-20T14:00:00+00:00,0.8549499999999991,0.8557399999999991,0.8548499999999991,0.8556399999999991,11635
2026-08-20T15:00:00+00:00,0.8556399999999991,0.855649999999999,0.854919999999999,0.8550299999999991,15351
2026-08-20T16:00:00+00:00,0.8550299999999991,0.855229999999999,0.854869999999999,0.8549999999999991,9725
2026-08-20T17:00:00+00:00,0.8549999999999991,0.855359999999999,0.854959999999999,0.8552999999999991,6484
2026-08-20T18:00:00+00:00,0.8552999999999991,0.855499999999999,0.855279999999999,0.8554099999999991,6058
2026-08-20T19:00:00+00:00,0.8554099999999991,0.8554899999999991,0.8552399999999991,0.8554699999999991,6042
2026-08-20T20:00:00+00:00,0.8554699999999991,0.855499999999999,0.855279999999999,0.855329999999999,3655
2026-08-20T21:00:00+00:00,0.855329999999999,0.855549999999999,0.854989999999999,0.8551999999999991,2792.7776254455716
2026-08-20T22:00:00+00:00,0.8551999999999991,0.855479999999999,0.8551999999999991,0.8553899999999991,1276
2026-08-20T23:00:00+00:00,0.8553899999999991,0.8554199999999991,0.8552499999999991,0.8552899999999991,2110
2026-08-21T00:00:00+00:00,0.8552899999999991,0.855379999999999,0.8551899999999991,0.8552699999999991,7846
2026-08-21T01:00:00+00:00,0.8552699999999991,0.8554199999999991,0.8552399999999991,0.855379999999999,10320
2026-08-21T02:00:00+00:00,0.855379999999999,0.855599999999999,0.8553699999999991,0.8555399999999991,8228
2026-08-21T03:00:00+00:00,0.8555399999999991,0.8556399999999991,0.8555099999999991,0.8555899999999991,6075
2026-08-21T04:00:00+00:00,0.8555899999999991,0.8558299999999991,0.8555599999999991,0.8556599999999991,3248
2026-08-21T05:00:00+00:00,0.8556599999999991,0.855699999999999,0.8554099999999991,0.8554899999999991,6067
2026-08-21T06:00:00+00:00,0.8554899999999991,0.8557099999999991,0.8554099999999991,0.8556399999999991,6530
2026-08-21T07:00:00+00:00,0.8556399999999991,0.855769999999999,0.8551299999999991,0.855619999999999,8207
2026-08-21T08:00:00+00:00,0.855619999999999,0.855969999999999,0.855209999999999,0.8552199999999991,8930
2026-08-21T09:00:00+00:00,0.8552199999999991,0.855599999999999,0.8548799999999991,0.855429999999999,8552
2026-08-21T10:00:00+00:00,0.855429999999999,0.8562499999999991,0.8552999999999991,0.855969999999999,7341
2026-08-21T11:00:00+00:00,0.855969999999999,0.8560699999999991,0.855089999999999,0.855349999999999,10192
2026-08-21T12:00:00+00:00,0.855349999999999,0.8556899999999991,0.854939999999999,0.855479999999999,10242
2026-08-21T13:00:00+00:00,0.855479999999999,0.8556799999999991,0.8548099999999991,0.854889999999999,10213
2026-08-21T14:00:00+00:00,0.854889999999999,0.8555099999999991,0.8546799999999991,0.8554099999999991,12040
2026-08-21T15:00:00+00:00,0.8554099999999991,0.8554599999999991,0.855009999999999,0.8550199999999991,10353
2026-08-21T16:00:00+00:00,0.8550199999999991,0.8551899999999991,0.8548799999999991,0.854919999999999,8257
2026-08-21T17:00:00+00:00,0.854919999999999,0.854939999999999,0.8543699999999991,0.854399999999999,6267
2026-08-21T18:00:00+00:00,0.854399999999999,0.854429999999999,0.854279999999999,0.854399999999999,4623
2026-08-21T19:00:00+00:00,0.854399999999999,0.8544699999999991,0.8542899999999991,0.8543899999999991,5283
2026-08-21T20:00:00+00:00,0.8543899999999991,0.8544699999999991,0.853789999999999,0.853899999999999,9276.304387849033
2026-08-23T21:00:00+00:00,0.85573,0.85635,0.8553,0.85559,1112
2026-08-23T22:00:00+00:00,0.85559,0.8562299999999999,0.85559,0.8557899999999999,2071
2026-08-23T23:00:00+00:00,0.8557899999999999,0.8557999999999999,0.8555399999999999,0.8555999999999999,1668
2026-08-24T00:00:00+00:00,0.8555999999999999,0.8559299999999999,0.8555799999999999,0.8557499999999999,5865
2026-08-24T01:00:00+00:00,0.8557499999999999,0.8560399999999999,0.8557499999999999,0.8559399999999999,6619
2026-08-24T02:00:00+00:00,0.8559399999999999,0.8559999999999999,0.8557999999999999,0.8558299999999999,4642
2026-08-24T03:00:00+00:00,0.8558299999999999,0.8559499999999999,0.8557799999999999,0.8559399999999999,3514
2026-08-24T04:00:00+00:00,0.8559399999999999,0.8560499999999999,0.8558399999999999,0.8560299999999998,4294
2026-08-24T05:00:00+00:00,0.8560299999999998,0.8561199999999999,0.8559599999999999,0.8560999999999999,4160
2026-08-24T06:00:00+00:00,0.8560999999999999,0.8561399999999999,0.8558599999999998,0.8559099999999998,6042
2026-08-24T07:00:00+00:00,0.8559099999999998,0.8559099999999998,0.8554099999999999,0.8558099999999998,6268
2026-08-24T08:00:00+00:00,0.8558099999999998,0.8562099999999999,0.8554599999999999,0.8562099999999999,7164
2026-08-24T09:00:00+00:00,0.8562099999999999,0.8562199999999999,0.8554999999999999,0.8555099999999999,4651
2026-08-24T10:00:00+00:00,0.8555099999999999,0.8560599999999999,0.8554999999999999,0.8560199999999999,4332
2026-08-24T11:00:00+00:00,0.8560199999999999,0.8561399999999999,0.8553599999999999,0.8553999999999999,7421
2026-08-24T12:00:00+00:00,0.8553999999999999,0.8556799999999999,0.8552299999999999,0.8553499999999999,7491
2026-08-24T13:00:00+00:00,0.8553499999999999,0.8554699999999998,0.8550399999999999,0.8551399999999999,8880
2026-08-24T14:00:00+00:00,0.8551399999999999,0.8557199999999999,0.8551099999999999,0.8556199999999999,8514
2026-08-24T15:00:00+00:00,0.8556199999999999,0.8558899999999999,0.8553699999999999,0.8557999999999999,7315
2026-08-24T16:00:00+00:00,0.8557999999999999,0.8558799999999999,0.8554999999999999,0.8555299999999999,6793
2026-08-24T17:00:00+00:00,0.8555299999999999,0.8555799999999999,0.8553699999999999,0.8554899999999999,7371
2026-08-24T18:00:00+00:00,0.8554899999999999,0.8557199999999999,0.8554799999999999,0.8556699999999999,4083
2026-08-24T19:00:00+00:00,0.8556699999999999,0.8557599999999999,0.8555899999999999,0.8556699999999999,3940
2026-08-24T20:00:00+00:00,0.8556699999999999,0.8557199999999999,0.8555499999999999,0.8555499999999999,2647
2026-08-24T21:00:00+00:00,0.8555499999999999,0.8556799999999999,0.8548399999999999,0.8552799999999999,2241
2026-08-24T22:00:00+00:00,0.8552799999999999,0.8556699999999999,0.8552799999999999,0.8555599999999999,1021
2026-08-24T23:00:00+00:00,0.8555599999999999,0.8555999999999999,0.8554799999999999,0.8555399999999999,1639
2026-08-25T00:00:00+00:00,0.8555399999999999,0.8556599999999999,0.8554899999999999,0.8555099999999999,6929
2026-08-25T01:00:00+00:00,0.8555099999999999,0.8555599999999999,0.8553999999999999,0.8555299999999999,7958
2026-08-25T02:00:00+00:00,0.8555299999999999,0.8555699999999999,0.8553499999999999,0.8553699999999999,6934
2026-08-25T03:00:00+00:00,0.8553699999999999,0.8555499999999999,0.8553699999999999,0.8555399999999999,4197
2026-08-25T04:00:00+00:00,0.8555399999999999,0.8555699999999999,0.8553199999999999,0.8553699999999999,4350
2026-08-25T05:00:00+00:00,0.8553699999999999,0.8554799999999999,0.8552499999999998,0.8554099999999999,3670
2026-08-25T06:00:00+00:00,0.8554099999999999,0.8555899999999999,0.8550599999999999,0.8550699999999999,6841
2026-08-25T07:00:00+00:00,0.8550699999999999,0.8550999999999999,0.8546199999999999,0.8548199999999999,7224
2026-08-25T08:00:00+00:00,0.8548199999999999,0.8555699999999999,0.8547899999999999,0.8552799999999999,8872
2026-08-25T09:00:00+00:00,0.8552799999999999,0.8553499999999999,0.8550099999999999,0.8552399999999999,7983
2026-08-25T10:00:00+00:00,0.8552399999999999,0.8554899999999999,0.8550999999999999,0.8554699999999998,6589
2026-08-25T11:00:00+00:00,0.8554699999999998,0.8556499999999999,0.8552299999999999,0.8552899999999999,6505
2026-08-25T12:00:00+00:00,0.8552899999999999,0.8558399999999999,0.8552099999999999,0.8555699999999999,7754
2026-08-25T13:00:00+00:00,0.8555699999999999,0.85574,0.8551,0.85566,10450
2026-08-25T14:00:00+00:00,0.85566,0.8561399999999999,0.85558,0.8559899999999999,11176
2026-08-25T15:00:00+00:00,0.8559899999999999,0.8561799999999999,0.8557899999999999,0.85581,10190
2026-08-25T16:00:00+00:00,0.85581,0.8560399999999999,0.8556999999999999,0.8559899999999999,6471
2026-08-25T17:00:00+00:00,0.8559899999999999,0.85605,0.85559,0.85563,6305
2026-08-25T18:00:00+00:00,0.85563,0.85567,0.8554499999999999,0.8555200000000001,4972
2026-08-25T19:00:00+00:00,0.8555200000000001,0.85567,0.85516,0.8552500000000001,6797
2026-08-25T20:00:00+00:00,0.8552500000000001,0.85543,0.85523,0.8552500000000001,5544
2026-08-25T21:00:00+00:00,0.8552500000000001,0.85547,0.85467,0.85522,1394
2026-08-25T22:00:00+00:00,0.85522,0.8554999999999999,0.85522,0.85544,1748
2026-08-25T23:00:00+00:00,0.85544,0.8555099999999999,0.85537,0.8555099999999999,1605
2026-08-26T00:00:00+00:00,0.8555099999999999,0.85554,0.85532,0.8553999999999999,3585
2026-08-26T01:00:00+00:00,0.8553999999999999,0.8554099999999999,0.8551899999999999,0.85527,4931
2026-08-26T02:00:00+00:00,0.85527,0.8553999999999999,0.8552399999999999,0.8553799999999999,4026
2026-08-26T03:00:00+00:00,0.8553799999999999,0.8553999999999999,0.85527,0.8553499999999999,3703
2026-08-26T04:00:00+00:00,0.8553499999999999,0.8554299999999999,0.85532,0.85542,2614
2026-08-26T05:00:00+00:00,0.85542,0.85561,0.8553999999999999,0.8554599999999999,3510
2026-08-26T06:00:00+00:00,0.8554599999999999,0.8560399999999999,0.8554599999999999,0.8558199999999999,5664
2026-08-26T07:00:00+00:00,0.8558199999999999,0.8561599999999999,0.85552,0.8561399999999999,6054
2026-08-26T08:00:00+00:00,0.8561399999999999,0.8564799999999999,0.8560199999999999,0.85635,5987
2026-08-26T09:00:00+00:00,0.85635,0.8564299999999999,0.856,0.85608,4617
2026-08-26T10:00:00+00:00,0.85608,0.85647,0.8560699999999999,0.8561799999999999,4203
2026-08-26T11:00:00+00:00,0.8561799999999999,0.8563099999999999,0.85593,0.85617,5817
2026-08-26T12:00:00+00:00,0.85617,0.8568999999999999,0.856,0.8565699999999999,9719
2026-08-26T13:00:00+00:00,0.8565699999999999,0.85688,0.85642,0.8566699999999999,9337
2026-08-26T14:00:00+00:00,0.8566699999999999,0.8572799999999999,0.8565999999999999,0.857,11033
2026-08-26T15:00:00+00:00,0.857,0.85742,0.85691,0.85703,9094
2026-08-26T16:00:00+00:00,0.85703,0.8572799999999998,0.8569299999999999,0.8571399999999999,6352
2026-08-26T17:00:00+00:00,0.8571399999999999,0.8572099999999998,0.8570399999999998,0.8571399999999999,4935
2026-08-26T18:00:00+00:00,0.8571399999999999,0.8572699999999999,0.8570599999999998,0.8571999999999999,3900
2026-08-26T19:00:00+00:00,0.8571999999999999,0.8573099999999998,0.8571499999999999,0.8572099999999998,4434
2026-08-26T20:00:00+00:00,0.8572099999999998,0.8572499999999998,0.8568699999999998,0.8568799999999999,3594
2026-08-26T21:00:00+00:00,0.8568799999999999,0.85726,0.8564599999999999,0.85704,3048
2026-08-26T22:00:00+00:00,0.85704,0.85733,0.85704,0.85723,2694
2026-08-26T23:00:00+00:00,0.85723,0.85729,0.85716,0.85725,1796
2026-08-27T00:00:00+00:00,0.85725,0.85768,0.85722,0.8576,5937
2026-08-27T01:00:00+00:00,0.8576,0.85778,0.85757,0.85767,7028
2026-08-27T02:00:00+00:00,0.85767,0.85771,0.85756,0.8576,4414
2026-08-27T03:00:00+00:00,0.8576,0.85775,0.85752,0.85773,4810
2026-08-27T04:00:00+00:00,0.85773,0.85782,0.85763,0.85782,3864
2026-08-27T05:00:00+00:00,0.85782,0.85786,0.85761,0.85767,3962
2026-08-27T06:00:00+00:00,0.85767,0.85773,0.85753,0.85754,5781
2026-08-27T07:00:00+00:00,0.85754,0.85785,0.85727,0.85778,7012
2026-08-27T08:00:00+00:00,0.85778,0.85788,0.85752,0.85777,7596
2026-08-27T09:00:00+00:00,0.85777,0.85788,0.85745,0.85754,7730
2026-08-27T10:00:00+00:00,0.85754,0.8577,0.85724,0.85743,7513
2026-08-27T11:00:00+00:00,0.85743,0.85755,0.85703,0.85738,7405
2026-08-27T12:00:00+00:00,0.85738,0.85765,0.85725,0.85761,9873
2026-08-27T13:00:00+00:00,0.85761,0.85761,0.85705,0.85735,11994
2026-08-27T14:00:00+00:00,0.85735,0.85783,0.85722,0.85742,11335
2026-08-27T15:00:00+00:00,0.85742,0.85763,0.8569599999999999,0.857,8999
2026-08-27T16:00:00+00:00,0.857,0.8573200000000001,0.8568899999999999,0.85726,6828
2026-08-27T17:00:00+00:00,0.85726,0.8573700000000001,0.85714,0.85731,5929
2026-08-27T18:00:00+00:00,0.85731,0.85751,0.85723,0.85731,4614
2026-08-27T19:00:00+00:00,0.85731,0.8574700000000001,0.8573000000000001,0.8573700000000001,4072
2026-08-27T20:00:00+00:00,0.8573700000000001,0.85739,0.85717,0.85717,2928
2026-08-27T21:00:00+00:00,0.85717,0.85736,0.85639,0.85714,18414
2026-08-27T22:00:00+00:00,0.85714,0.85738,0.85714,0.85714,1775
2026-08-27T23:00:00+00:00,0.85714,0.85717,0.85706,0.85711,1622
2026-08-28T00:00:00+00:00,0.85711,0.8572000000000001,0.8570800000000001,0.85716,4527
2026-08-28T01:00:00+00:00,0.85716,0.85738,0.85712,0.8572700000000001,5487
2026-08-28T02:00:00+00:00,0.8572700000000001,0.8573000000000001,0.8570800000000001,0.8571300000000001,4465
2026-08-28T03:00:00+00:00,0.8571300000000001,0.85718,0.8570300000000001,0.8570800000000001,3575
2026-08-28T04:00:00+00:00,0.8570800000000001,0.85711,0.8570300000000001,0.85707,2796
2026-08-28T05:00:00+00:00,0.85707,0.8571000000000001,0.85689,0.85697,3143
2026-08-28T06:00:00+00:00,0.85697,0.8570500000000001,0.85677,0.85701,7120
2026-08-28T07:00:00+00:00,0.85701,0.85734,0.85696,0.8572200000000001,7711
2026-08-28T08:00:00+00:00,0.8572200000000001,0.8574900000000001,0.85704,0.85707,6356
2026-08-28T09:00:00+00:00,0.85707,0.85724,0.8569800000000001,0.85711,6246
2026-08-28T10:00:00+00:00,0.85711,0.85718,0.8569,0.85712,6196
2026-08-28T11:00:00+00:00,0.85712,0.8574400000000001,0.85711,0.85726,6076
2026-08-28T12:00:00+00:00,0.85726,0.85768,0.85717,0.8576,7951
2026-08-28T13:00:00+00:00,0.8576,0.8577100000000001,0.85718,0.8574400000000001,8981
2026-08-28T14:00:00+00:00,0.8574400000000001,0.8575900000000001,0.85575,0.85606,27156
2026-08-28T15:00:00+00:00,0.85606,0.85631,0.8554700000000001,0.8557600000000001,14531
2026-08-28T16:00:00+00:00,0.8557600000000001,0.8561300000000001,0.85567,0.85599,11908
2026-08-28T17:00:00+00:00,0.85599,0.8562700000000001,0.85587,0.8560000000000001,8178
2026-08-28T18:00:00+00:00,0.8560000000000001,0.8562000000000001,0.85589,0.85594,6560
2026-08-28T19:00:00+00:00,0.85594,0.85601,0.8558300000000001,0.8558600000000001,6557
2026-08-28T20:00:00+00:00,0.8558600000000001,0.85604,0.85518,0.85565,4458
2026-08-30T21:00:00+00:00,0.85512,0.85547,0.85485,0.85511,949
2026-08-30T22:00:00+00:00,0.85511,0.8559,0.85511,0.85578,1670
2026-08-30T23:00:00+00:00,0.85578,0.85593,0.85578,0.8559,2350
2026-08-31T00:00:00+00:00,0.8559,0.8561,0.85575,0.85582,7451
2026-08-31T01:00:00+00:00,0.85582,0.85597,0.85576,0.8558,10145
2026-08-31T02:00:00+00:00,0.8558,0.85597,0.85576,0.85587,6689
2026-08-31T03:00:00+00:00,0.85587,0.85587,0.85574,0.85582,4165
2026-08-31T04:00:00+00:00,0.85582,0.85585,0.85572,0.85573,4110
2026-08-31T05:00:00+00:00,0.85573,0.8558399999999999,0.85552,0.8555699999999999,5505
2026-08-31T06:00:00+00:00,0.8555699999999999,0.85569,0.85537,0.85564,6230
2026-08-31T07:00:00+00:00,0.85564,0.85653,0.8556199999999999,0.85648,7646
2026-08-31T08:00:00+00:00,0.85648,0.85649,0.85604,0.85627,7974
2026-08-31T09:00:00+00:00,0.85627,0.85653,0.85624,0.8565,6197
2026-08-31T10:00:00+00:00,0.8565,0.85677,0.85638,0.85653,6359
2026-08-31T11:00:00+00:00,0.85653,0.85676,0.8565,0.85653,7689
2026-08-31T12:00:00+00:00,0.85653,0.8566,0.85617,0.85646,8576
2026-08-31T13:00:00+00:00,0.85646,0.85653,0.85613,0.85649,8505
2026-08-31T14:00:00+00:00,0.85649,0.8571,0.85607,0.85682,14888
2026-08-31T15:00:00+00:00,0.85682,0.85748,0.8565699999999999,0.85738,10282
2026-08-31T16:00:00+00:00,0.85738,0.85741,0.8572,0.85737,6192
2026-08-31T17:00:00+00:00,0.85737,0.85747,0.85715,0.8572299999999999,4428
2026-08-31T18:00:00+00:00,0.8572299999999999,0.85739,0.85721,0.85727,4477
2026-08-31T19:00:00+00:00,0.85727,0.85747,0.85727,0.85731,5814
2026-08-31T20:00:00+00:00,0.85731,0.85746,0.85726,0.85733,3927
2026-08-31T21:00:00+00:00,0.85733,0.85737,0.85689,0.8570099999999999,3629
2026-08-31T22:00:00+00:00,0.8570099999999999,0.85744,0.8570099999999999,0.85742,1142
2026-08-31T23:00:00+00:00,0.85742,0.85753,0.85736,0.85753,1725
2026-09-01T00:00:00+00:00,0.85753,0.85755,0.85721,0.85724,7038
2026-09-01T01:00:00+00:00,0.85724,0.85732,0.85704,0.8571,6339
2026-09-01T02:00:00+00:00,0.8571,0.85719,0.85704,0.85706,5601
2026-09-01T03:00:00+00:00,0.85706,0.85714,0.85697,0.85707,4922
2026-09-01T04:00:00+00:00,0.85707,0.85711,0.85693,0.8569599999999999,3048
2026-09-01T05:00:00+00:00,0.8569599999999999,0.85702,0.85681,0.85689,4019
2026-09-01T06:00:00+00:00,0.85689,0.85719,0.85673,0.85702,6188
2026-09-01T07:00:00+00:00,0.85702,0.85709,0.85648,0.85658,8036
2026-09-01T08:00:00+00:00,0.85658,0.8566199999999999,0.85612,0.85615,8296
2026-09-01T09:00:00+00:00,0.85615,0.85636,0.85607,0.85622,6751
2026-09-01T10:00:00+00:00,0.85622,0.85646,0.856,0.8563999999999999,5781
2026-09-01T11:00:00+00:00,0.8563999999999999,0.8566,0.85635,0.85646,7077
2026-09-01T12:00:00+00:00,0.85646,0.85686,0.8563999999999999,0.85685,7497
2026-09-01T13:00:00+00:00,0.85685,0.85688,0.8563999999999999,0.85642,8092
2026-09-01T14:00:00+00:00,0.85642,0.85681,0.85633,0.85658,10721
2026-09-01T15:00:00+00:00,0.85658,0.85705,0.85654,0.85697,9292
2026-09-01T16:00:00+00:00,0.85697,0.85731,0.85673,0.85726,8071
2026-09-01T17:00:00+00:00,0.85726,0.85763,0.8571799999999999,0.85746,6625
2026-09-01T18:00:00+00:00,0.85746,0.8578,0.85744,0.85764,5714
2026-09-01T19:00:00+00:00,0.85764,0.8578,0.85758,0.85774,4917
2026-09-01T20:00:00+00:00,0.85774,0.8578,0.8576,0.85763,2915
2026-09-01T21:00:00+00:00,0.85763,0.85763,0.85691,0.85738,4254
2026-09-01T22:00:00+00:00,0.85738,0.85781,0.85733,0.85771,2026
2026-09-01T23:00:00+00:00,0.85771,0.8577899999999999,0.85765,0.8577,1317
2026-09-02T00:00:00+00:00,0.8577,0.85775,0.85752,0.8575699999999999,5736
2026-09-02T01:00:00+00:00,0.8575699999999999,0.85765,0.85729,0.85737,5319
2026-09-02T02:00:00+00:00,0.85737,0.85748,0.8573,0.85747,6359
2026-09-02T03:00:00+00:00,0.85747,0.8576,0.85739,0.85758,4474
2026-09-02T04:00:00+00:00,0.85758,0.85768,0.85737,0.85767,4102
2026-09-02T05:00:00+00:00,0.85767,0.85772,0.85752,0.85759,5035
2026-09-02T06:00:00+00:00,0.85759,0.85781,0.85717,0.85732,8024
2026-09-02T07:00:00+00:00,0.85732,0.85744,0.85676,0.85692,7594
2026-09-02T08:00:00+00:00,0.85692,0.85724,0.8568399999999999,0.85722,7025
2026-09-02T09:00:00+00:00,0.85722,0.85802,0.85712,0.85799,6729
2026-09-02T10:00:00+00:00,0.85799,0.85833,0.85791,0.8582,6668
2026-09-02T11:00:00+00:00,0.8582,0.85878,0.85802,0.85853,8333
2026-09-02T12:00:00+00:00,0.85853,0.85927,0.85848,0.85922,9934
2026-09-02T13:00:00+00:00,0.85922,0.85937,0.85847,0.85873,14575
2026-09-02T14:00:00+00:00,0.85873,0.85881,0.85829,0.85843,13743
2026-09-02T15:00:00+00:00,0.85843,0.85887,0.8582299999999999,0.8585699999999999,10251
2026-09-02T16:00:00+00:00,0.8585699999999999,0.85876,0.85847,0.85866,7721
2026-09-02T17:00:00+00:00,0.85866,0.85917,0.85865,0.8590599999999999,7086
2026-09-02T18:00:00+00:00,0.8590599999999999,0.85914,0.85893,0.85905,5445
2026-09-02T19:00:00+00:00,0.85905,0.85913,0.85894,0.85907,5373
2026-09-02T20:00:00+00:00,0.85907,0.85937,0.85903,0.85913,4103
2026-09-02T21:00:00+00:00,0.85913,0.85927,0.85868,0.85905,1689
2026-09-02T22:00:00+00:00,0.85905,0.85949,0.85905,0.85934,1518
2026-09-02T23:00:00+00:00,0.85934,0.85939,0.85919,0.85927,1678
2026-09-03T00:00:00+00:00,0.85927,0.8594,0.85916,0.85923,4990
2026-09-03T01:00:00+00:00,0.85923,0.85941,0.85918,0.85939,5698
2026-09-03T02:00:00+00:00,0.85939,0.8594,0.85927,0.85931,6463
2026-09-03T03:00:00+00:00,0.85931,0.8594,0.85921,0.85932,5065
2026-09-03T04:00:00+00:00,0.85932,0.85939,0.85926,0.85932,3116
2026-09-03T05:00:00+00:00,0.85932,0.85982,0.85931,0.8598,4386
2026-09-03T06:00:00+00:00,0.8598,0.86038,0.85974,0.86009,9092
2026-09-03T07:00:00+00:00,0.86009,0.86027,0.85925,0.85935,10342
2026-09-03T08:00:00+00:00,0.85935,0.86001,0.85919,0.85991,8613
2026-09-03T09:00:00+00:00,0.85991,0.86006,0.85959,0.85979,8062
2026-09-03T10:00:00+00:00,0.85979,0.86011,0.85974,0.85989,7538
2026-09-03T11:00:00+00:00,0.85989,0.86079,0.85985,0.86053,9750
2026-09-03T12:00:00+00:00,0.86053,0.86067,0.85993,0.85997,12277
2026-09-03T13:00:00+00:00,0.85997,0.8606,0.85995,0.8601,12889
2026-09-03T14:00:00+00:00,0.8601,0.86043,0.85941,0.85946,13153
2026-09-03T15:00:00+00:00,0.85946,0.85947,0.85845,0.85888,12668
2026-09-03T16:00:00+00:00,0.85888,0.85926,0.8587,0.85917,8304
2026-09-03T17:00:00+00:00,0.85917,0.85932,0.85903,0.85919,6351
2026-09-03T18:00:00+00:00,0.85919,0.85938,0.85906,0.85934,6264
2026-09-03T19:00:00+00:00,0.85934,0.8598,0.85916,0.85974,8719
2026-09-03T20:00:00+00:00,0.85974,0.85976,0.85949,0.85949,3384
2026-09-03T21:00:00+00:00,0.85949,0.85949,0.85866,0.85929,1660
2026-09-03T22:00:00+00:00,0.85929,0.85972,0.85922,0.85946,1379
2026-09-03T23:00:00+00:00,0.85946,0.85952,0.85933,0.8595,2407
2026-09-04T00:00:00+00:00,0.8595,0.85967,0.85936,0.8594,8258
2026-09-04T01:00:00+00:00,0.8594,0.85946,0.85923,0.85925,7212
2026-09-04T02:00:00+00:00,0.85925,0.85936,0.85924,0.85929,5166
2026-09-04T03:00:00+00:00,0.85929,0.85935,0.85905,0.85907,5234
2026-09-04T04:00:00+00:00,0.85907,0.85926,0.85905,0.85918,4655
2026-09-04T05:00:00+00:00,0.85918,0.85925,0.85903,0.85906,4729
2026-09-04T06:00:00+00:00,0.85906,0.85912,0.85856,0.85862,8069
2026-09-04T07:00:00+00:00,0.85862,0.85877,0.85827,0.85874,8411
2026-09-04T08:00:00+00:00,0.85874,0.8591,0.85818,0.85901,7289
2026-09-04T09:00:00+00:00,0.85901,0.85931,0.85891,0.85906,7812
2026-09-04T10:00:00+00:00,0.85906,0.85913,0.85863,0.85878,7208
2026-09-04T11:00:00+00:00,0.85878,0.85883,0.85845,0.85873,6321
2026-09-04T12:00:00+00:00,0.85873,0.85943,0.85855,0.85912,18271
2026-09-04T13:00:00+00:00,0.85912,0.85976,0.85909,0.85964,13743
2026-09-04T14:00:00+00:00,0.85964,0.85972,0.8592,0.85949,13094
2026-09-04T15:00:00+00:00,0.85949,0.85968,0.85925,0.85927,9823
2026-09-04T16:00:00+00:00,0.85927,0.85971,0.85926,0.85951,5878
2026-09-04T17:00:00+00:00,0.85951,0.85963,0.8593,0.85932,5844
2026-09-04T18:00:00+00:00,0.85932,0.85938,0.85914,0.85916,4083
2026-09-04T19:00:00+00:00,0.85916,0.85922,0.85902,0.85912,4807
2026-09-04T20:00:00+00:00,0.85912,0.85927,0.85857,0.85899,3727
2026-09-06T21:00:00+00:00,0.85858,0.85904,0.85817,0.8583999999999999,2288
2026-09-06T22:00:00+00:00,0.8583999999999999,0.85927,0.85836,0.85916,1399
2026-09-06T23:00:00+00:00,0.85916,0.85921,0.85912,0.85917,1735
2026-09-07T00:00:00+00:00,0.85917,0.85938,0.85911,0.85935,5377
2026-09-07T01:00:00+00:00,0.85935,0.8595,0.85934,0.85945,5098
2026-09-07T02:00:00+00:00,0.85945,0.85954,0.85944,0.85945,3724
2026-09-07T03:00:00+00:00,0.85945,0.85945,0.85932,0.85939,2932
2026-09-07T04:00:00+00:00,0.85939,0.85941,0.85928,0.85932,2962
2026-09-07T05:00:00+00:00,0.85932,0.85933,0.85904,0.85911,2945
2026-09-07T06:00:00+00:00,0.85911,0.85915,0.85861,0.85866,4919
2026-09-07T07:00:00+00:00,0.85866,0.85896,0.85853,0.85891,6375
2026-09-07T08:00:00+00:00,0.85891,0.85916,0.85855,0.85855,9877
2026-09-07T09:00:00+00:00,0.85855,0.85875,0.85835,0.85846,5211
2026-09-07T10:00:00+00:00,0.85846,0.85879,0.85843,0.8586,4784
2026-09-07T11:00:00+00:00,0.8586,0.85891,0.85855,0.85891,4688
2026-09-07T12:00:00+00:00,0.85891,0.85905,0.85871,0.85871,6269
2026-09-07T13:00:00+00:00,0.85871,0.85895,0.85865,0.85891,4689
2026-09-07T14:00:00+00:00,0.85891,0.85905,0.85863,0.85866,5778
2026-09-07T15:00:00+00:00,0.85866,0.85882,0.85851,0.85876,3991
2026-09-07T16:00:00+00:00,0.85876,0.85877,0.85839,0.85841,1807
2026-09-07T17:00:00+00:00,0.85841,0.85848,0.85836,0.85844,1354
2026-09-07T18:00:00+00:00,0.85844,0.85846,0.85831,0.85834,1034
2026-09-07T19:00:00+00:00,0.85834,0.8584,0.85829,0.85835,1290
2026-09-07T20:00:00+00:00,0.85835,0.85835,0.85825,0.85825,917
2026-09-07T21:00:00+00:00,0.85825,0.85825,0.85775,0.85796,2405
2026-09-07T22:00:00+00:00,0.85796,0.85848,0.85796,0.85839,1115
2026-09-07T23:00:00+00:00,0.85839,0.85848,0.85827,0.85835,2617
2026-09-08T00:00:00+00:00,0.85835,0.85852,0.85834,0.85849,6408
2026-09-08T01:00:00+00:00,0.85849,0.85872,0.85846,0.85865,5701
2026-09-08T02:00:00+00:00,0.85865,0.85888,0.85864,0.85882,5014
2026-09-08T03:00:00+00:00,0.85882,0.85882,0.85863,0.85866,2878
2026-09-08T04:00:00+00:00,0.85866,0.85871,0.85852,0.85856,3154
2026-09-08T05:00:00+00:00,0.85856,0.85884,0.85852,0.85876,3923
2026-09-08T06:00:00+00:00,0.85876,0.85876,0.8584,0.85845,6724
2026-09-08T07:00:00+00:00,0.85845,0.85854,0.85797,0.85819,6935
2026-09-08T08:00:00+00:00,0.85819,0.85857,0.85808,0.8584,7270
2026-09-08T09:00:00+00:00,0.8584,0.85862,0.85826,0.85835,6254
2026-09-08T10:00:00+00:00,0.85835,0.85856,0.85806,0.85841,5408
2026-09-08T11:00:00+00:00,0.85841,0.85856,0.85731,0.85741,7572
2026-09-08T12:00:00+00:00,0.85741,0.85754,0.85704,0.8573,9503
2026-09-08T13:00:00+00:00,0.8573,0.85774,0.85729,0.8576,10049
2026-09-08T14:00:00+00:00,0.8576,0.85821,0.85758,0.85818,9595
2026-09-08T15:00:00+00:00,0.85818,0.85873,0.85817,0.85861,7718
2026-09-08T16:00:00+00:00,0.85861,0.85885,0.85854,0.85869,6118
2026-09-08T17:00:00+00:00,0.85869,0.85885,0.85852,0.85852,3834
2026-09-08T18:00:00+00:00,0.85852,0.85857,0.85824,0.85842,5711
2026-09-08T19:00:00+00:00,0.85842,0.85861,0.85835,0.85845,6182
2026-09-08T20:00:00+00:00,0.85845,0.85857,0.85831,0.85843,2571
2026-09-08T21:00:00+00:00,0.85843,0.85876,0.85792,0.8587,1056
2026-09-08T22:00:00+00:00,0.8587,0.85875,0.85849,0.85853,1190
2026-09-08T23:00:00+00:00,0.85853,0.85863,0.85848,0.85852,1922
2026-09-09T00:00:00+00:00,0.85852,0.8587,0.85851,0.85858,4667
2026-09-09T01:00:00+00:00,0.85858,0.85871,0.85854,0.85863,4261
2026-09-09T02:00:00+00:00,0.85863,0.85874,0.85852,0.85858,3889
2026-09-09T03:00:00+00:00,0.85858,0.85865,0.85851,0.8586,3505
2026-09-09T04:00:00+00:00,0.8586,0.85863,0.85845,0.8585,3419
2026-09-09T05:00:00+00:00,0.8585,0.85861,0.85842,0.85851,4127
2026-09-09T06:00:00+00:00,0.85851,0.85871,0.8583,0.8583,6199
2026-09-09T07:00:00+00:00,0.8583,0.85886,0.85815,0.85866,7224
2026-09-09T08:00:00+00:00,0.85866,0.85911,0.85861,0.85895,6525
2026-09-09T09:00:00+00:00,0.85895,0.85903,0.85865,0.85889,5910
2026-09-09T10:00:00+00:00,0.85889,0.85931,0.85882,0.85918,5747
2026-09-09T11:00:00+00:00,0.85918,0.85931,0.85854,0.85874,9089
2026-09-09T12:00:00+00:00,0.85874,0.85951,0.85872,0.85944,9394
2026-09-09T13:00:00+00:00,0.85944,0.8595,0.85894,0.85907,9981
2026-09-09T14:00:00+00:00,0.85907,0.85923,0.85869,0.85884,10461
2026-09-09T15:00:00+00:00,0.85884,0.85897,0.85809,0.85827,14301
2026-09-09T16:00:00+00:00,0.85827,0.85874,0.85818,0.85862,7047
2026-09-09T17:00:00+00:00,0.85862,0.85862,0.85829,0.85835,5330
2026-09-09T18:00:00+00:00,0.85835,0.85853,0.85831,0.85852,5072
2026-09-09T19:00:00+00:00,0.85852,0.85875,0.85847,0.85864,4704
2026-09-09T20:00:00+00:00,0.85864,0.85875,0.85855,0.85861,2412
2026-09-09T21:00:00+00:00,0.85861,0.85887,0.85783,0.85866,7344
2026-09-09T22:00:00+00:00,0.85866,0.85889,0.85866,0.85871,1110
2026-09-09T23:00:00+00:00,0.85871,0.85874,0.85857,0.85861,1561
2026-09-10T00:00:00+00:00,0.85861,0.85869,0.85855,0.85864,4772
2026-09-10T01:00:00+00:00,0.85864,0.85871,0.85849,0.85853,5590
2026-09-10T02:00:00+00:00,0.85853,0.85853,0.85837,0.85841,3478
2026-09-10T03:00:00+00:00,0.85841,0.85855,0.85838,0.85851,3107
2026-09-10T04:00:00+00:00,0.85851,0.85862,0.8585,0.85857,2690
2026-09-10T05:00:00+00:00,0.85857,0.85872,0.85852,0.85853,4065
2026-09-10T06:00:00+00:00,0.85853,0.85864,0.85841,0.85855,4668
2026-09-10T07:00:00+00:00,0.85855,0.85885,0.85851,0.85878,5366
2026-09-10T08:00:00+00:00,0.85878,0.85907,0.85843,0.85845,5882
2026-09-10T09:00:00+00:00,0.85845,0.85896,0.85844,0.85866,5416
2026-09-10T10:00:00+00:00,0.85866,0.85893,0.85852,0.85879,5804
2026-09-10T11:00:00+00:00,0.85879,0.85912,0.85861,0.85867,6689
2026-09-10T12:00:00+00:00,0.85867,0.85969,0.85863,0.85888,17794
2026-09-10T13:00:00+00:00,0.85888,0.85959,0.85883,0.85909,14755
2026-09-10T14:00:00+00:00,0.85909,0.85998,0.85906,0.85948,13021
2026-09-10T15:00:00+00:00,0.85948,0.85964,0.85925,0.85934,10323
2026-09-10T16:00:00+00:00,0.85934,0.8595,0.85913,0.8592,9604
2026-09-10T17:00:00+00:00,0.8592,0.85938,0.85894,0.85935,8084
2026-09-10T18:00:00+00:00,0.85935,0.85955,0.85931,0.8594,9008
2026-09-10T19:00:00+00:00,0.8594,0.85949,0.85933,0.85941,9781
2026-09-10T20:00:00+00:00,0.85941,0.85944,0.85919,0.85932,4826
2026-09-10T21:00:00+00:00,0.85932,0.85932,0.85855,0.859,3013
2026-09-10T22:00:00+00:00,0.859,0.8594,0.859,0.85925,1574
2026-09-10T23:00:00+00:00,0.85925,0.85944,0.85925,0.85941,2027
2026-09-11T00:00:00+00:00,0.85941,0.85949,0.85929,0.85937,5768
2026-09-11T01:00:00+00:00,0.85937,0.85967,0.85935,0.85962,6243
2026-09-11T02:00:00+00:00,0.85962,0.85965,0.85942,0.85953,5217
2026-09-11T03:00:00+00:00,0.85953,0.85963,0.85934,0.85938,4401
2026-09-11T04:00:00+00:00,0.85938,0.8595,0.85932,0.8594,4945
2026-09-11T05:00:00+00:00,0.8594,0.85955,0.85917,0.85929,6228
2026-09-11T06:00:00+00:00,0.85929,0.85929,0.85835,0.85842,8076
2026-09-11T07:00:00+00:00,0.85842,0.8587,0.85834,0.85864,7839
2026-09-11T08:00:00+00:00,0.85864,0.85905,0.85855,0.8588,7751
2026-09-11T09:00:00+00:00,0.8588,0.85908,0.85838,0.85839,6730
2026-09-11T10:00:00+00:00,0.85839,0.85848,0.85818,0.85833,6426
2026-09-11T11:00:00+00:00,0.85833,0.85852,0.8581,0.85838,7168
2026-09-11T12:00:00+00:00,0.85838,0.8584,0.85771,0.85794,19458
2026-09-11T13:00:00+00:00,0.85794,0.85838,0.85785,0.8581,16282
2026-09-11T14:00:00+00:00,0.8581,0.85849,0.85806,0.85842,13195
2026-09-11T15:00:00+00:00,0.85842,0.85844,0.85804,0.85819,9411
2026-09-11T16:00:00+00:00,0.85819,0.85825,0.85771,0.85775,8327
2026-09-11T17:00:00+00:00,0.85775,0.85789,0.85754,0.85761,7853
2026-09-11T18:00:00+00:00,0.85761,0.85763,0.8573,0.85734,6257
2026-09-11T19:00:00+00:00,0.85734,0.85739,0.85718,0.85726,6691
2026-09-11T20:00:00+00:00,0.85726,0.85742,0.85706,0.85724,3938
